Copyright 1986-2022 Xilinx, Inc. All Rights Reserved. Copyright 2022-2025 Advanced Micro Devices, Inc. All Rights Reserved.
---------------------------------------------------------------------------------------------------------------------------------------------------------------------------------------------------------------------------------------------
| Tool Version : Vivado v.2025.2 (win64) Build 6299465 Fri Nov 14 19:35:11 GMT 2025
| Date         : Sun Apr 12 21:04:15 2026
| Host         : LAPTOP-DPIKD9V7 running 64-bit major release  (build 9200)
| Command      : report_timing_summary -max_paths 10 -routable_nets -report_unconstrained -file laundry_top_timing_summary_routed.rpt -pb laundry_top_timing_summary_routed.pb -rpx laundry_top_timing_summary_routed.rpx -warn_on_violation
| Design       : laundry_top
| Device       : 7a35t-cpg236
| Speed File   : -1  PRODUCTION 1.23 2018-06-13
| Design State : Routed
---------------------------------------------------------------------------------------------------------------------------------------------------------------------------------------------------------------------------------------------

Timing Summary Report

------------------------------------------------------------------------------------------------
| Timer Settings
| --------------
------------------------------------------------------------------------------------------------

  Enable Multi Corner Analysis               :  Yes
  Enable Pessimism Removal                   :  Yes
  Pessimism Removal Resolution               :  Nearest Common Node
  Enable Input Delay Default Clock           :  No
  Enable Preset / Clear Arcs                 :  No
  Disable Flight Delays                      :  No
  Ignore I/O Paths                           :  No
  Timing Early Launch at Borrowing Latches   :  No
  Borrow Time for Max Delay Exceptions       :  Yes
  Merge Timing Exceptions                    :  Yes
  Inter-SLR Compensation                     :  Conservative

  Corner  Analyze    Analyze    
  Name    Max Paths  Min Paths  
  ------  ---------  ---------  
  Slow    Yes        Yes        
  Fast    Yes        Yes        


------------------------------------------------------------------------------------------------
| Report Methodology
| ------------------
------------------------------------------------------------------------------------------------

Rule       Severity  Description                    Violations  
---------  --------  -----------------------------  ----------  
TIMING-18  Warning   Missing input or output delay  28          

Note: This report is based on the most recent report_methodology run and may not be up-to-date. Run report_methodology on the current design for the latest report.



check_timing report

Table of Contents
-----------------
1. checking no_clock (0)
2. checking constant_clock (0)
3. checking pulse_width_clock (0)
4. checking unconstrained_internal_endpoints (0)
5. checking no_input_delay (5)
6. checking no_output_delay (18)
7. checking multiple_clock (0)
8. checking generated_clocks (0)
9. checking loops (0)
10. checking partial_input_delay (0)
11. checking partial_output_delay (0)
12. checking latch_loops (0)

1. checking no_clock (0)
------------------------
 There are 0 register/latch pins with no clock.


2. checking constant_clock (0)
------------------------------
 There are 0 register/latch pins with constant_clock.


3. checking pulse_width_clock (0)
---------------------------------
 There are 0 register/latch pins which need pulse_width check


4. checking unconstrained_internal_endpoints (0)
------------------------------------------------
 There are 0 pins that are not constrained for maximum delay.

 There are 0 pins that are not constrained for maximum delay due to constant clock.


5. checking no_input_delay (5)
------------------------------
 There are 5 input ports with no input delay specified. (HIGH)

 There are 0 input ports with no input delay but user has a false path constraint.


6. checking no_output_delay (18)
--------------------------------
 There are 18 ports with no output delay specified. (HIGH)

 There are 0 ports with no output delay but user has a false path constraint

 There are 0 ports with no output delay but with a timing clock defined on it or propagating through it


7. checking multiple_clock (0)
------------------------------
 There are 0 register/latch pins with multiple clocks.


8. checking generated_clocks (0)
--------------------------------
 There are 0 generated clocks that are not connected to a clock source.


9. checking loops (0)
---------------------
 There are 0 combinational loops in the design.


10. checking partial_input_delay (0)
------------------------------------
 There are 0 input ports with partial input delay specified.


11. checking partial_output_delay (0)
-------------------------------------
 There are 0 ports with partial output delay specified.


12. checking latch_loops (0)
----------------------------
 There are 0 combinational latch loops in the design through latch input



------------------------------------------------------------------------------------------------
| Design Timing Summary
| ---------------------
------------------------------------------------------------------------------------------------

    WNS(ns)      TNS(ns)  TNS Failing Endpoints  TNS Total Endpoints      WHS(ns)      THS(ns)  THS Failing Endpoints  THS Total Endpoints     WPWS(ns)     TPWS(ns)  TPWS Failing Endpoints  TPWS Total Endpoints  
    -------      -------  ---------------------  -------------------      -------      -------  ---------------------  -------------------     --------     --------  ----------------------  --------------------  
      5.129        0.000                      0                  356        0.154        0.000                      0                  356        4.500        0.000                       0                   261  


All user specified timing constraints are met.


------------------------------------------------------------------------------------------------
| Clock Summary
| -------------
------------------------------------------------------------------------------------------------

Clock        Waveform(ns)       Period(ns)      Frequency(MHz)
-----        ------------       ----------      --------------
sys_clk_pin  {0.000 5.000}      10.000          100.000         


------------------------------------------------------------------------------------------------
| Intra Clock Table
| -----------------
------------------------------------------------------------------------------------------------

Clock             WNS(ns)      TNS(ns)  TNS Failing Endpoints  TNS Total Endpoints      WHS(ns)      THS(ns)  THS Failing Endpoints  THS Total Endpoints     WPWS(ns)     TPWS(ns)  TPWS Failing Endpoints  TPWS Total Endpoints  
-----             -------      -------  ---------------------  -------------------      -------      -------  ---------------------  -------------------     --------     --------  ----------------------  --------------------  
sys_clk_pin         5.129        0.000                      0                  356        0.154        0.000                      0                  356        4.500        0.000                       0                   261  


------------------------------------------------------------------------------------------------
| Inter Clock Table
| -----------------
------------------------------------------------------------------------------------------------

From Clock    To Clock          WNS(ns)      TNS(ns)  TNS Failing Endpoints  TNS Total Endpoints      WHS(ns)      THS(ns)  THS Failing Endpoints  THS Total Endpoints  
----------    --------          -------      -------  ---------------------  -------------------      -------      -------  ---------------------  -------------------  


------------------------------------------------------------------------------------------------
| Other Path Groups Table
| -----------------------
------------------------------------------------------------------------------------------------

Path Group    From Clock    To Clock          WNS(ns)      TNS(ns)  TNS Failing Endpoints  TNS Total Endpoints      WHS(ns)      THS(ns)  THS Failing Endpoints  THS Total Endpoints  
----------    ----------    --------          -------      -------  ---------------------  -------------------      -------      -------  ---------------------  -------------------  


------------------------------------------------------------------------------------------------
| User Ignored Path Table
| -----------------------
------------------------------------------------------------------------------------------------

Path Group    From Clock    To Clock    
----------    ----------    --------    


------------------------------------------------------------------------------------------------
| Unconstrained Path Table
| ------------------------
------------------------------------------------------------------------------------------------

Path Group    From Clock    To Clock    
----------    ----------    --------    
(none)        sys_clk_pin                 
(none)                      sys_clk_pin   


------------------------------------------------------------------------------------------------
| Timing Details
| --------------
------------------------------------------------------------------------------------------------


---------------------------------------------------------------------------------------------------
From Clock:  sys_clk_pin
  To Clock:  sys_clk_pin

Setup :            0  Failing Endpoints,  Worst Slack        5.129ns,  Total Violation        0.000ns
Hold  :            0  Failing Endpoints,  Worst Slack        0.154ns,  Total Violation        0.000ns
PW    :            0  Failing Endpoints,  Worst Slack        4.500ns,  Total Violation        0.000ns
---------------------------------------------------------------------------------------------------


Max Delay Paths
--------------------------------------------------------------------------------------
Slack (MET) :             5.129ns  (required time - arrival time)
  Source:                 btn_filter_blk/filter_dr/stabilization_cnt_reg[5]/C
                            (rising edge-triggered cell FDRE clocked by sys_clk_pin  {rise@0.000ns fall@5.000ns period=10.000ns})
  Destination:            btn_filter_blk/filter_dr/stabilization_cnt_reg[16]/R
                            (rising edge-triggered cell FDRE clocked by sys_clk_pin  {rise@0.000ns fall@5.000ns period=10.000ns})
  Path Group:             sys_clk_pin
  Path Type:              Setup (Max at Slow Process Corner)
  Requirement:            10.000ns  (sys_clk_pin rise@10.000ns - sys_clk_pin rise@0.000ns)
  Data Path Delay:        4.179ns  (logic 0.856ns (20.484%)  route 3.323ns (79.516%))
  Logic Levels:           3  (LUT4=2 LUT6=1)
  Clock Path Skew:        -0.026ns (DCD - SCD + CPR)
    Destination Clock Delay (DCD):    4.848ns = ( 14.848 - 10.000 ) 
    Source Clock Delay      (SCD):    5.148ns
    Clock Pessimism Removal (CPR):    0.274ns
  Clock Uncertainty:      0.035ns  ((TSJ^2 + TIJ^2)^1/2 + DJ) / 2 + PE
    Total System Jitter     (TSJ):    0.071ns
    Total Input Jitter      (TIJ):    0.000ns
    Discrete Jitter          (DJ):    0.000ns
    Phase Error              (PE):    0.000ns

    Location             Delay type                Incr(ns)  Path(ns)    Netlist Resource(s)
  -------------------------------------------------------------------    -------------------
                         (clock sys_clk_pin rise edge)
                                                      0.000     0.000 r  
    W5                                                0.000     0.000 r  clk_sys_mhz (IN)
                         net (fo=0)                   0.000     0.000    clk_sys_mhz
    W5                   IBUF (Prop_ibuf_I_O)         1.458     1.458 r  clk_sys_mhz_IBUF_inst/O
                         net (fo=1, routed)           1.967     3.425    clk_sys_mhz_IBUF
    BUFGCTRL_X0Y0        BUFG (Prop_bufg_I_O)         0.096     3.521 r  clk_sys_mhz_IBUF_BUFG_inst/O
                         net (fo=260, routed)         1.627     5.148    btn_filter_blk/filter_dr/CLK
    SLICE_X3Y18          FDRE                                         r  btn_filter_blk/filter_dr/stabilization_cnt_reg[5]/C
  -------------------------------------------------------------------    -------------------
    SLICE_X3Y18          FDRE (Prop_fdre_C_Q)         0.456     5.604 f  btn_filter_blk/filter_dr/stabilization_cnt_reg[5]/Q
                         net (fo=3, routed)           0.883     6.487    btn_filter_blk/filter_dr/stabilization_cnt_reg[5]
    SLICE_X2Y17          LUT4 (Prop_lut4_I2_O)        0.124     6.611 r  btn_filter_blk/filter_dr/current_st_i_6__1/O
                         net (fo=1, routed)           0.770     7.381    btn_filter_blk/filter_dr/current_st_i_6__1_n_0
    SLICE_X2Y21          LUT6 (Prop_lut6_I5_O)        0.124     7.505 r  btn_filter_blk/filter_dr/current_st_i_3__1/O
                         net (fo=2, routed)           0.987     8.491    btn_filter_blk/filter_dr/current_st_i_3__1_n_0
    SLICE_X4Y18          LUT4 (Prop_lut4_I1_O)        0.152     8.643 r  btn_filter_blk/filter_dr/stabilization_cnt[0]_i_1__1/O
                         net (fo=20, routed)          0.684     9.327    btn_filter_blk/filter_dr/stabilization_cnt[0]_i_1__1_n_0
    SLICE_X3Y21          FDRE                                         r  btn_filter_blk/filter_dr/stabilization_cnt_reg[16]/R
  -------------------------------------------------------------------    -------------------

                         (clock sys_clk_pin rise edge)
                                                     10.000    10.000 r  
    W5                                                0.000    10.000 r  clk_sys_mhz (IN)
                         net (fo=0)                   0.000    10.000    clk_sys_mhz
    W5                   IBUF (Prop_ibuf_I_O)         1.388    11.388 r  clk_sys_mhz_IBUF_inst/O
                         net (fo=1, routed)           1.862    13.250    clk_sys_mhz_IBUF
    BUFGCTRL_X0Y0        BUFG (Prop_bufg_I_O)         0.091    13.341 r  clk_sys_mhz_IBUF_BUFG_inst/O
                         net (fo=260, routed)         1.507    14.848    btn_filter_blk/filter_dr/CLK
    SLICE_X3Y21          FDRE                                         r  btn_filter_blk/filter_dr/stabilization_cnt_reg[16]/C
                         clock pessimism              0.274    15.122    
                         clock uncertainty           -0.035    15.087    
    SLICE_X3Y21          FDRE (Setup_fdre_C_R)       -0.631    14.456    btn_filter_blk/filter_dr/stabilization_cnt_reg[16]
  -------------------------------------------------------------------
                         required time                         14.456    
                         arrival time                          -9.327    
  -------------------------------------------------------------------
                         slack                                  5.129    

Slack (MET) :             5.129ns  (required time - arrival time)
  Source:                 btn_filter_blk/filter_dr/stabilization_cnt_reg[5]/C
                            (rising edge-triggered cell FDRE clocked by sys_clk_pin  {rise@0.000ns fall@5.000ns period=10.000ns})
  Destination:            btn_filter_blk/filter_dr/stabilization_cnt_reg[17]/R
                            (rising edge-triggered cell FDRE clocked by sys_clk_pin  {rise@0.000ns fall@5.000ns period=10.000ns})
  Path Group:             sys_clk_pin
  Path Type:              Setup (Max at Slow Process Corner)
  Requirement:            10.000ns  (sys_clk_pin rise@10.000ns - sys_clk_pin rise@0.000ns)
  Data Path Delay:        4.179ns  (logic 0.856ns (20.484%)  route 3.323ns (79.516%))
  Logic Levels:           3  (LUT4=2 LUT6=1)
  Clock Path Skew:        -0.026ns (DCD - SCD + CPR)
    Destination Clock Delay (DCD):    4.848ns = ( 14.848 - 10.000 ) 
    Source Clock Delay      (SCD):    5.148ns
    Clock Pessimism Removal (CPR):    0.274ns
  Clock Uncertainty:      0.035ns  ((TSJ^2 + TIJ^2)^1/2 + DJ) / 2 + PE
    Total System Jitter     (TSJ):    0.071ns
    Total Input Jitter      (TIJ):    0.000ns
    Discrete Jitter          (DJ):    0.000ns
    Phase Error              (PE):    0.000ns

    Location             Delay type                Incr(ns)  Path(ns)    Netlist Resource(s)
  -------------------------------------------------------------------    -------------------
                         (clock sys_clk_pin rise edge)
                                                      0.000     0.000 r  
    W5                                                0.000     0.000 r  clk_sys_mhz (IN)
                         net (fo=0)                   0.000     0.000    clk_sys_mhz
    W5                   IBUF (Prop_ibuf_I_O)         1.458     1.458 r  clk_sys_mhz_IBUF_inst/O
                         net (fo=1, routed)           1.967     3.425    clk_sys_mhz_IBUF
    BUFGCTRL_X0Y0        BUFG (Prop_bufg_I_O)         0.096     3.521 r  clk_sys_mhz_IBUF_BUFG_inst/O
                         net (fo=260, routed)         1.627     5.148    btn_filter_blk/filter_dr/CLK
    SLICE_X3Y18          FDRE                                         r  btn_filter_blk/filter_dr/stabilization_cnt_reg[5]/C
  -------------------------------------------------------------------    -------------------
    SLICE_X3Y18          FDRE (Prop_fdre_C_Q)         0.456     5.604 f  btn_filter_blk/filter_dr/stabilization_cnt_reg[5]/Q
                         net (fo=3, routed)           0.883     6.487    btn_filter_blk/filter_dr/stabilization_cnt_reg[5]
    SLICE_X2Y17          LUT4 (Prop_lut4_I2_O)        0.124     6.611 r  btn_filter_blk/filter_dr/current_st_i_6__1/O
                         net (fo=1, routed)           0.770     7.381    btn_filter_blk/filter_dr/current_st_i_6__1_n_0
    SLICE_X2Y21          LUT6 (Prop_lut6_I5_O)        0.124     7.505 r  btn_filter_blk/filter_dr/current_st_i_3__1/O
                         net (fo=2, routed)           0.987     8.491    btn_filter_blk/filter_dr/current_st_i_3__1_n_0
    SLICE_X4Y18          LUT4 (Prop_lut4_I1_O)        0.152     8.643 r  btn_filter_blk/filter_dr/stabilization_cnt[0]_i_1__1/O
                         net (fo=20, routed)          0.684     9.327    btn_filter_blk/filter_dr/stabilization_cnt[0]_i_1__1_n_0
    SLICE_X3Y21          FDRE                                         r  btn_filter_blk/filter_dr/stabilization_cnt_reg[17]/R
  -------------------------------------------------------------------    -------------------

                         (clock sys_clk_pin rise edge)
                                                     10.000    10.000 r  
    W5                                                0.000    10.000 r  clk_sys_mhz (IN)
                         net (fo=0)                   0.000    10.000    clk_sys_mhz
    W5                   IBUF (Prop_ibuf_I_O)         1.388    11.388 r  clk_sys_mhz_IBUF_inst/O
                         net (fo=1, routed)           1.862    13.250    clk_sys_mhz_IBUF
    BUFGCTRL_X0Y0        BUFG (Prop_bufg_I_O)         0.091    13.341 r  clk_sys_mhz_IBUF_BUFG_inst/O
                         net (fo=260, routed)         1.507    14.848    btn_filter_blk/filter_dr/CLK
    SLICE_X3Y21          FDRE                                         r  btn_filter_blk/filter_dr/stabilization_cnt_reg[17]/C
                         clock pessimism              0.274    15.122    
                         clock uncertainty           -0.035    15.087    
    SLICE_X3Y21          FDRE (Setup_fdre_C_R)       -0.631    14.456    btn_filter_blk/filter_dr/stabilization_cnt_reg[17]
  -------------------------------------------------------------------
                         required time                         14.456    
                         arrival time                          -9.327    
  -------------------------------------------------------------------
                         slack                                  5.129    

Slack (MET) :             5.129ns  (required time - arrival time)
  Source:                 btn_filter_blk/filter_dr/stabilization_cnt_reg[5]/C
                            (rising edge-triggered cell FDRE clocked by sys_clk_pin  {rise@0.000ns fall@5.000ns period=10.000ns})
  Destination:            btn_filter_blk/filter_dr/stabilization_cnt_reg[18]/R
                            (rising edge-triggered cell FDRE clocked by sys_clk_pin  {rise@0.000ns fall@5.000ns period=10.000ns})
  Path Group:             sys_clk_pin
  Path Type:              Setup (Max at Slow Process Corner)
  Requirement:            10.000ns  (sys_clk_pin rise@10.000ns - sys_clk_pin rise@0.000ns)
  Data Path Delay:        4.179ns  (logic 0.856ns (20.484%)  route 3.323ns (79.516%))
  Logic Levels:           3  (LUT4=2 LUT6=1)
  Clock Path Skew:        -0.026ns (DCD - SCD + CPR)
    Destination Clock Delay (DCD):    4.848ns = ( 14.848 - 10.000 ) 
    Source Clock Delay      (SCD):    5.148ns
    Clock Pessimism Removal (CPR):    0.274ns
  Clock Uncertainty:      0.035ns  ((TSJ^2 + TIJ^2)^1/2 + DJ) / 2 + PE
    Total System Jitter     (TSJ):    0.071ns
    Total Input Jitter      (TIJ):    0.000ns
    Discrete Jitter          (DJ):    0.000ns
    Phase Error              (PE):    0.000ns

    Location             Delay type                Incr(ns)  Path(ns)    Netlist Resource(s)
  -------------------------------------------------------------------    -------------------
                         (clock sys_clk_pin rise edge)
                                                      0.000     0.000 r  
    W5                                                0.000     0.000 r  clk_sys_mhz (IN)
                         net (fo=0)                   0.000     0.000    clk_sys_mhz
    W5                   IBUF (Prop_ibuf_I_O)         1.458     1.458 r  clk_sys_mhz_IBUF_inst/O
                         net (fo=1, routed)           1.967     3.425    clk_sys_mhz_IBUF
    BUFGCTRL_X0Y0        BUFG (Prop_bufg_I_O)         0.096     3.521 r  clk_sys_mhz_IBUF_BUFG_inst/O
                         net (fo=260, routed)         1.627     5.148    btn_filter_blk/filter_dr/CLK
    SLICE_X3Y18          FDRE                                         r  btn_filter_blk/filter_dr/stabilization_cnt_reg[5]/C
  -------------------------------------------------------------------    -------------------
    SLICE_X3Y18          FDRE (Prop_fdre_C_Q)         0.456     5.604 f  btn_filter_blk/filter_dr/stabilization_cnt_reg[5]/Q
                         net (fo=3, routed)           0.883     6.487    btn_filter_blk/filter_dr/stabilization_cnt_reg[5]
    SLICE_X2Y17          LUT4 (Prop_lut4_I2_O)        0.124     6.611 r  btn_filter_blk/filter_dr/current_st_i_6__1/O
                         net (fo=1, routed)           0.770     7.381    btn_filter_blk/filter_dr/current_st_i_6__1_n_0
    SLICE_X2Y21          LUT6 (Prop_lut6_I5_O)        0.124     7.505 r  btn_filter_blk/filter_dr/current_st_i_3__1/O
                         net (fo=2, routed)           0.987     8.491    btn_filter_blk/filter_dr/current_st_i_3__1_n_0
    SLICE_X4Y18          LUT4 (Prop_lut4_I1_O)        0.152     8.643 r  btn_filter_blk/filter_dr/stabilization_cnt[0]_i_1__1/O
                         net (fo=20, routed)          0.684     9.327    btn_filter_blk/filter_dr/stabilization_cnt[0]_i_1__1_n_0
    SLICE_X3Y21          FDRE                                         r  btn_filter_blk/filter_dr/stabilization_cnt_reg[18]/R
  -------------------------------------------------------------------    -------------------

                         (clock sys_clk_pin rise edge)
                                                     10.000    10.000 r  
    W5                                                0.000    10.000 r  clk_sys_mhz (IN)
                         net (fo=0)                   0.000    10.000    clk_sys_mhz
    W5                   IBUF (Prop_ibuf_I_O)         1.388    11.388 r  clk_sys_mhz_IBUF_inst/O
                         net (fo=1, routed)           1.862    13.250    clk_sys_mhz_IBUF
    BUFGCTRL_X0Y0        BUFG (Prop_bufg_I_O)         0.091    13.341 r  clk_sys_mhz_IBUF_BUFG_inst/O
                         net (fo=260, routed)         1.507    14.848    btn_filter_blk/filter_dr/CLK
    SLICE_X3Y21          FDRE                                         r  btn_filter_blk/filter_dr/stabilization_cnt_reg[18]/C
                         clock pessimism              0.274    15.122    
                         clock uncertainty           -0.035    15.087    
    SLICE_X3Y21          FDRE (Setup_fdre_C_R)       -0.631    14.456    btn_filter_blk/filter_dr/stabilization_cnt_reg[18]
  -------------------------------------------------------------------
                         required time                         14.456    
                         arrival time                          -9.327    
  -------------------------------------------------------------------
                         slack                                  5.129    

Slack (MET) :             5.129ns  (required time - arrival time)
  Source:                 btn_filter_blk/filter_dr/stabilization_cnt_reg[5]/C
                            (rising edge-triggered cell FDRE clocked by sys_clk_pin  {rise@0.000ns fall@5.000ns period=10.000ns})
  Destination:            btn_filter_blk/filter_dr/stabilization_cnt_reg[19]/R
                            (rising edge-triggered cell FDRE clocked by sys_clk_pin  {rise@0.000ns fall@5.000ns period=10.000ns})
  Path Group:             sys_clk_pin
  Path Type:              Setup (Max at Slow Process Corner)
  Requirement:            10.000ns  (sys_clk_pin rise@10.000ns - sys_clk_pin rise@0.000ns)
  Data Path Delay:        4.179ns  (logic 0.856ns (20.484%)  route 3.323ns (79.516%))
  Logic Levels:           3  (LUT4=2 LUT6=1)
  Clock Path Skew:        -0.026ns (DCD - SCD + CPR)
    Destination Clock Delay (DCD):    4.848ns = ( 14.848 - 10.000 ) 
    Source Clock Delay      (SCD):    5.148ns
    Clock Pessimism Removal (CPR):    0.274ns
  Clock Uncertainty:      0.035ns  ((TSJ^2 + TIJ^2)^1/2 + DJ) / 2 + PE
    Total System Jitter     (TSJ):    0.071ns
    Total Input Jitter      (TIJ):    0.000ns
    Discrete Jitter          (DJ):    0.000ns
    Phase Error              (PE):    0.000ns

    Location             Delay type                Incr(ns)  Path(ns)    Netlist Resource(s)
  -------------------------------------------------------------------    -------------------
                         (clock sys_clk_pin rise edge)
                                                      0.000     0.000 r  
    W5                                                0.000     0.000 r  clk_sys_mhz (IN)
                         net (fo=0)                   0.000     0.000    clk_sys_mhz
    W5                   IBUF (Prop_ibuf_I_O)         1.458     1.458 r  clk_sys_mhz_IBUF_inst/O
                         net (fo=1, routed)           1.967     3.425    clk_sys_mhz_IBUF
    BUFGCTRL_X0Y0        BUFG (Prop_bufg_I_O)         0.096     3.521 r  clk_sys_mhz_IBUF_BUFG_inst/O
                         net (fo=260, routed)         1.627     5.148    btn_filter_blk/filter_dr/CLK
    SLICE_X3Y18          FDRE                                         r  btn_filter_blk/filter_dr/stabilization_cnt_reg[5]/C
  -------------------------------------------------------------------    -------------------
    SLICE_X3Y18          FDRE (Prop_fdre_C_Q)         0.456     5.604 f  btn_filter_blk/filter_dr/stabilization_cnt_reg[5]/Q
                         net (fo=3, routed)           0.883     6.487    btn_filter_blk/filter_dr/stabilization_cnt_reg[5]
    SLICE_X2Y17          LUT4 (Prop_lut4_I2_O)        0.124     6.611 r  btn_filter_blk/filter_dr/current_st_i_6__1/O
                         net (fo=1, routed)           0.770     7.381    btn_filter_blk/filter_dr/current_st_i_6__1_n_0
    SLICE_X2Y21          LUT6 (Prop_lut6_I5_O)        0.124     7.505 r  btn_filter_blk/filter_dr/current_st_i_3__1/O
                         net (fo=2, routed)           0.987     8.491    btn_filter_blk/filter_dr/current_st_i_3__1_n_0
    SLICE_X4Y18          LUT4 (Prop_lut4_I1_O)        0.152     8.643 r  btn_filter_blk/filter_dr/stabilization_cnt[0]_i_1__1/O
                         net (fo=20, routed)          0.684     9.327    btn_filter_blk/filter_dr/stabilization_cnt[0]_i_1__1_n_0
    SLICE_X3Y21          FDRE                                         r  btn_filter_blk/filter_dr/stabilization_cnt_reg[19]/R
  -------------------------------------------------------------------    -------------------

                         (clock sys_clk_pin rise edge)
                                                     10.000    10.000 r  
    W5                                                0.000    10.000 r  clk_sys_mhz (IN)
                         net (fo=0)                   0.000    10.000    clk_sys_mhz
    W5                   IBUF (Prop_ibuf_I_O)         1.388    11.388 r  clk_sys_mhz_IBUF_inst/O
                         net (fo=1, routed)           1.862    13.250    clk_sys_mhz_IBUF
    BUFGCTRL_X0Y0        BUFG (Prop_bufg_I_O)         0.091    13.341 r  clk_sys_mhz_IBUF_BUFG_inst/O
                         net (fo=260, routed)         1.507    14.848    btn_filter_blk/filter_dr/CLK
    SLICE_X3Y21          FDRE                                         r  btn_filter_blk/filter_dr/stabilization_cnt_reg[19]/C
                         clock pessimism              0.274    15.122    
                         clock uncertainty           -0.035    15.087    
    SLICE_X3Y21          FDRE (Setup_fdre_C_R)       -0.631    14.456    btn_filter_blk/filter_dr/stabilization_cnt_reg[19]
  -------------------------------------------------------------------
                         required time                         14.456    
                         arrival time                          -9.327    
  -------------------------------------------------------------------
                         slack                                  5.129    

Slack (MET) :             5.130ns  (required time - arrival time)
  Source:                 btn_filter_blk/filter_dr/stabilization_cnt_reg[5]/C
                            (rising edge-triggered cell FDRE clocked by sys_clk_pin  {rise@0.000ns fall@5.000ns period=10.000ns})
  Destination:            btn_filter_blk/filter_dr/stabilization_cnt_reg[12]/R
                            (rising edge-triggered cell FDRE clocked by sys_clk_pin  {rise@0.000ns fall@5.000ns period=10.000ns})
  Path Group:             sys_clk_pin
  Path Type:              Setup (Max at Slow Process Corner)
  Requirement:            10.000ns  (sys_clk_pin rise@10.000ns - sys_clk_pin rise@0.000ns)
  Data Path Delay:        4.179ns  (logic 0.856ns (20.485%)  route 3.323ns (79.515%))
  Logic Levels:           3  (LUT4=2 LUT6=1)
  Clock Path Skew:        -0.025ns (DCD - SCD + CPR)
    Destination Clock Delay (DCD):    4.849ns = ( 14.849 - 10.000 ) 
    Source Clock Delay      (SCD):    5.148ns
    Clock Pessimism Removal (CPR):    0.274ns
  Clock Uncertainty:      0.035ns  ((TSJ^2 + TIJ^2)^1/2 + DJ) / 2 + PE
    Total System Jitter     (TSJ):    0.071ns
    Total Input Jitter      (TIJ):    0.000ns
    Discrete Jitter          (DJ):    0.000ns
    Phase Error              (PE):    0.000ns

    Location             Delay type                Incr(ns)  Path(ns)    Netlist Resource(s)
  -------------------------------------------------------------------    -------------------
                         (clock sys_clk_pin rise edge)
                                                      0.000     0.000 r  
    W5                                                0.000     0.000 r  clk_sys_mhz (IN)
                         net (fo=0)                   0.000     0.000    clk_sys_mhz
    W5                   IBUF (Prop_ibuf_I_O)         1.458     1.458 r  clk_sys_mhz_IBUF_inst/O
                         net (fo=1, routed)           1.967     3.425    clk_sys_mhz_IBUF
    BUFGCTRL_X0Y0        BUFG (Prop_bufg_I_O)         0.096     3.521 r  clk_sys_mhz_IBUF_BUFG_inst/O
                         net (fo=260, routed)         1.627     5.148    btn_filter_blk/filter_dr/CLK
    SLICE_X3Y18          FDRE                                         r  btn_filter_blk/filter_dr/stabilization_cnt_reg[5]/C
  -------------------------------------------------------------------    -------------------
    SLICE_X3Y18          FDRE (Prop_fdre_C_Q)         0.456     5.604 f  btn_filter_blk/filter_dr/stabilization_cnt_reg[5]/Q
                         net (fo=3, routed)           0.883     6.487    btn_filter_blk/filter_dr/stabilization_cnt_reg[5]
    SLICE_X2Y17          LUT4 (Prop_lut4_I2_O)        0.124     6.611 r  btn_filter_blk/filter_dr/current_st_i_6__1/O
                         net (fo=1, routed)           0.770     7.381    btn_filter_blk/filter_dr/current_st_i_6__1_n_0
    SLICE_X2Y21          LUT6 (Prop_lut6_I5_O)        0.124     7.505 r  btn_filter_blk/filter_dr/current_st_i_3__1/O
                         net (fo=2, routed)           0.987     8.491    btn_filter_blk/filter_dr/current_st_i_3__1_n_0
    SLICE_X4Y18          LUT4 (Prop_lut4_I1_O)        0.152     8.643 r  btn_filter_blk/filter_dr/stabilization_cnt[0]_i_1__1/O
                         net (fo=20, routed)          0.684     9.327    btn_filter_blk/filter_dr/stabilization_cnt[0]_i_1__1_n_0
    SLICE_X3Y20          FDRE                                         r  btn_filter_blk/filter_dr/stabilization_cnt_reg[12]/R
  -------------------------------------------------------------------    -------------------

                         (clock sys_clk_pin rise edge)
                                                     10.000    10.000 r  
    W5                                                0.000    10.000 r  clk_sys_mhz (IN)
                         net (fo=0)                   0.000    10.000    clk_sys_mhz
    W5                   IBUF (Prop_ibuf_I_O)         1.388    11.388 r  clk_sys_mhz_IBUF_inst/O
                         net (fo=1, routed)           1.862    13.250    clk_sys_mhz_IBUF
    BUFGCTRL_X0Y0        BUFG (Prop_bufg_I_O)         0.091    13.341 r  clk_sys_mhz_IBUF_BUFG_inst/O
                         net (fo=260, routed)         1.508    14.849    btn_filter_blk/filter_dr/CLK
    SLICE_X3Y20          FDRE                                         r  btn_filter_blk/filter_dr/stabilization_cnt_reg[12]/C
                         clock pessimism              0.274    15.123    
                         clock uncertainty           -0.035    15.088    
    SLICE_X3Y20          FDRE (Setup_fdre_C_R)       -0.631    14.457    btn_filter_blk/filter_dr/stabilization_cnt_reg[12]
  -------------------------------------------------------------------
                         required time                         14.457    
                         arrival time                          -9.327    
  -------------------------------------------------------------------
                         slack                                  5.130    

Slack (MET) :             5.130ns  (required time - arrival time)
  Source:                 btn_filter_blk/filter_dr/stabilization_cnt_reg[5]/C
                            (rising edge-triggered cell FDRE clocked by sys_clk_pin  {rise@0.000ns fall@5.000ns period=10.000ns})
  Destination:            btn_filter_blk/filter_dr/stabilization_cnt_reg[13]/R
                            (rising edge-triggered cell FDRE clocked by sys_clk_pin  {rise@0.000ns fall@5.000ns period=10.000ns})
  Path Group:             sys_clk_pin
  Path Type:              Setup (Max at Slow Process Corner)
  Requirement:            10.000ns  (sys_clk_pin rise@10.000ns - sys_clk_pin rise@0.000ns)
  Data Path Delay:        4.179ns  (logic 0.856ns (20.485%)  route 3.323ns (79.515%))
  Logic Levels:           3  (LUT4=2 LUT6=1)
  Clock Path Skew:        -0.025ns (DCD - SCD + CPR)
    Destination Clock Delay (DCD):    4.849ns = ( 14.849 - 10.000 ) 
    Source Clock Delay      (SCD):    5.148ns
    Clock Pessimism Removal (CPR):    0.274ns
  Clock Uncertainty:      0.035ns  ((TSJ^2 + TIJ^2)^1/2 + DJ) / 2 + PE
    Total System Jitter     (TSJ):    0.071ns
    Total Input Jitter      (TIJ):    0.000ns
    Discrete Jitter          (DJ):    0.000ns
    Phase Error              (PE):    0.000ns

    Location             Delay type                Incr(ns)  Path(ns)    Netlist Resource(s)
  -------------------------------------------------------------------    -------------------
                         (clock sys_clk_pin rise edge)
                                                      0.000     0.000 r  
    W5                                                0.000     0.000 r  clk_sys_mhz (IN)
                         net (fo=0)                   0.000     0.000    clk_sys_mhz
    W5                   IBUF (Prop_ibuf_I_O)         1.458     1.458 r  clk_sys_mhz_IBUF_inst/O
                         net (fo=1, routed)           1.967     3.425    clk_sys_mhz_IBUF
    BUFGCTRL_X0Y0        BUFG (Prop_bufg_I_O)         0.096     3.521 r  clk_sys_mhz_IBUF_BUFG_inst/O
                         net (fo=260, routed)         1.627     5.148    btn_filter_blk/filter_dr/CLK
    SLICE_X3Y18          FDRE                                         r  btn_filter_blk/filter_dr/stabilization_cnt_reg[5]/C
  -------------------------------------------------------------------    -------------------
    SLICE_X3Y18          FDRE (Prop_fdre_C_Q)         0.456     5.604 f  btn_filter_blk/filter_dr/stabilization_cnt_reg[5]/Q
                         net (fo=3, routed)           0.883     6.487    btn_filter_blk/filter_dr/stabilization_cnt_reg[5]
    SLICE_X2Y17          LUT4 (Prop_lut4_I2_O)        0.124     6.611 r  btn_filter_blk/filter_dr/current_st_i_6__1/O
                         net (fo=1, routed)           0.770     7.381    btn_filter_blk/filter_dr/current_st_i_6__1_n_0
    SLICE_X2Y21          LUT6 (Prop_lut6_I5_O)        0.124     7.505 r  btn_filter_blk/filter_dr/current_st_i_3__1/O
                         net (fo=2, routed)           0.987     8.491    btn_filter_blk/filter_dr/current_st_i_3__1_n_0
    SLICE_X4Y18          LUT4 (Prop_lut4_I1_O)        0.152     8.643 r  btn_filter_blk/filter_dr/stabilization_cnt[0]_i_1__1/O
                         net (fo=20, routed)          0.684     9.327    btn_filter_blk/filter_dr/stabilization_cnt[0]_i_1__1_n_0
    SLICE_X3Y20          FDRE                                         r  btn_filter_blk/filter_dr/stabilization_cnt_reg[13]/R
  -------------------------------------------------------------------    -------------------

                         (clock sys_clk_pin rise edge)
                                                     10.000    10.000 r  
    W5                                                0.000    10.000 r  clk_sys_mhz (IN)
                         net (fo=0)                   0.000    10.000    clk_sys_mhz
    W5                   IBUF (Prop_ibuf_I_O)         1.388    11.388 r  clk_sys_mhz_IBUF_inst/O
                         net (fo=1, routed)           1.862    13.250    clk_sys_mhz_IBUF
    BUFGCTRL_X0Y0        BUFG (Prop_bufg_I_O)         0.091    13.341 r  clk_sys_mhz_IBUF_BUFG_inst/O
                         net (fo=260, routed)         1.508    14.849    btn_filter_blk/filter_dr/CLK
    SLICE_X3Y20          FDRE                                         r  btn_filter_blk/filter_dr/stabilization_cnt_reg[13]/C
                         clock pessimism              0.274    15.123    
                         clock uncertainty           -0.035    15.088    
    SLICE_X3Y20          FDRE (Setup_fdre_C_R)       -0.631    14.457    btn_filter_blk/filter_dr/stabilization_cnt_reg[13]
  -------------------------------------------------------------------
                         required time                         14.457    
                         arrival time                          -9.327    
  -------------------------------------------------------------------
                         slack                                  5.130    

Slack (MET) :             5.130ns  (required time - arrival time)
  Source:                 btn_filter_blk/filter_dr/stabilization_cnt_reg[5]/C
                            (rising edge-triggered cell FDRE clocked by sys_clk_pin  {rise@0.000ns fall@5.000ns period=10.000ns})
  Destination:            btn_filter_blk/filter_dr/stabilization_cnt_reg[14]/R
                            (rising edge-triggered cell FDRE clocked by sys_clk_pin  {rise@0.000ns fall@5.000ns period=10.000ns})
  Path Group:             sys_clk_pin
  Path Type:              Setup (Max at Slow Process Corner)
  Requirement:            10.000ns  (sys_clk_pin rise@10.000ns - sys_clk_pin rise@0.000ns)
  Data Path Delay:        4.179ns  (logic 0.856ns (20.485%)  route 3.323ns (79.515%))
  Logic Levels:           3  (LUT4=2 LUT6=1)
  Clock Path Skew:        -0.025ns (DCD - SCD + CPR)
    Destination Clock Delay (DCD):    4.849ns = ( 14.849 - 10.000 ) 
    Source Clock Delay      (SCD):    5.148ns
    Clock Pessimism Removal (CPR):    0.274ns
  Clock Uncertainty:      0.035ns  ((TSJ^2 + TIJ^2)^1/2 + DJ) / 2 + PE
    Total System Jitter     (TSJ):    0.071ns
    Total Input Jitter      (TIJ):    0.000ns
    Discrete Jitter          (DJ):    0.000ns
    Phase Error              (PE):    0.000ns

    Location             Delay type                Incr(ns)  Path(ns)    Netlist Resource(s)
  -------------------------------------------------------------------    -------------------
                         (clock sys_clk_pin rise edge)
                                                      0.000     0.000 r  
    W5                                                0.000     0.000 r  clk_sys_mhz (IN)
                         net (fo=0)                   0.000     0.000    clk_sys_mhz
    W5                   IBUF (Prop_ibuf_I_O)         1.458     1.458 r  clk_sys_mhz_IBUF_inst/O
                         net (fo=1, routed)           1.967     3.425    clk_sys_mhz_IBUF
    BUFGCTRL_X0Y0        BUFG (Prop_bufg_I_O)         0.096     3.521 r  clk_sys_mhz_IBUF_BUFG_inst/O
                         net (fo=260, routed)         1.627     5.148    btn_filter_blk/filter_dr/CLK
    SLICE_X3Y18          FDRE                                         r  btn_filter_blk/filter_dr/stabilization_cnt_reg[5]/C
  -------------------------------------------------------------------    -------------------
    SLICE_X3Y18          FDRE (Prop_fdre_C_Q)         0.456     5.604 f  btn_filter_blk/filter_dr/stabilization_cnt_reg[5]/Q
                         net (fo=3, routed)           0.883     6.487    btn_filter_blk/filter_dr/stabilization_cnt_reg[5]
    SLICE_X2Y17          LUT4 (Prop_lut4_I2_O)        0.124     6.611 r  btn_filter_blk/filter_dr/current_st_i_6__1/O
                         net (fo=1, routed)           0.770     7.381    btn_filter_blk/filter_dr/current_st_i_6__1_n_0
    SLICE_X2Y21          LUT6 (Prop_lut6_I5_O)        0.124     7.505 r  btn_filter_blk/filter_dr/current_st_i_3__1/O
                         net (fo=2, routed)           0.987     8.491    btn_filter_blk/filter_dr/current_st_i_3__1_n_0
    SLICE_X4Y18          LUT4 (Prop_lut4_I1_O)        0.152     8.643 r  btn_filter_blk/filter_dr/stabilization_cnt[0]_i_1__1/O
                         net (fo=20, routed)          0.684     9.327    btn_filter_blk/filter_dr/stabilization_cnt[0]_i_1__1_n_0
    SLICE_X3Y20          FDRE                                         r  btn_filter_blk/filter_dr/stabilization_cnt_reg[14]/R
  -------------------------------------------------------------------    -------------------

                         (clock sys_clk_pin rise edge)
                                                     10.000    10.000 r  
    W5                                                0.000    10.000 r  clk_sys_mhz (IN)
                         net (fo=0)                   0.000    10.000    clk_sys_mhz
    W5                   IBUF (Prop_ibuf_I_O)         1.388    11.388 r  clk_sys_mhz_IBUF_inst/O
                         net (fo=1, routed)           1.862    13.250    clk_sys_mhz_IBUF
    BUFGCTRL_X0Y0        BUFG (Prop_bufg_I_O)         0.091    13.341 r  clk_sys_mhz_IBUF_BUFG_inst/O
                         net (fo=260, routed)         1.508    14.849    btn_filter_blk/filter_dr/CLK
    SLICE_X3Y20          FDRE                                         r  btn_filter_blk/filter_dr/stabilization_cnt_reg[14]/C
                         clock pessimism              0.274    15.123    
                         clock uncertainty           -0.035    15.088    
    SLICE_X3Y20          FDRE (Setup_fdre_C_R)       -0.631    14.457    btn_filter_blk/filter_dr/stabilization_cnt_reg[14]
  -------------------------------------------------------------------
                         required time                         14.457    
                         arrival time                          -9.327    
  -------------------------------------------------------------------
                         slack                                  5.130    

Slack (MET) :             5.130ns  (required time - arrival time)
  Source:                 btn_filter_blk/filter_dr/stabilization_cnt_reg[5]/C
                            (rising edge-triggered cell FDRE clocked by sys_clk_pin  {rise@0.000ns fall@5.000ns period=10.000ns})
  Destination:            btn_filter_blk/filter_dr/stabilization_cnt_reg[15]/R
                            (rising edge-triggered cell FDRE clocked by sys_clk_pin  {rise@0.000ns fall@5.000ns period=10.000ns})
  Path Group:             sys_clk_pin
  Path Type:              Setup (Max at Slow Process Corner)
  Requirement:            10.000ns  (sys_clk_pin rise@10.000ns - sys_clk_pin rise@0.000ns)
  Data Path Delay:        4.179ns  (logic 0.856ns (20.485%)  route 3.323ns (79.515%))
  Logic Levels:           3  (LUT4=2 LUT6=1)
  Clock Path Skew:        -0.025ns (DCD - SCD + CPR)
    Destination Clock Delay (DCD):    4.849ns = ( 14.849 - 10.000 ) 
    Source Clock Delay      (SCD):    5.148ns
    Clock Pessimism Removal (CPR):    0.274ns
  Clock Uncertainty:      0.035ns  ((TSJ^2 + TIJ^2)^1/2 + DJ) / 2 + PE
    Total System Jitter     (TSJ):    0.071ns
    Total Input Jitter      (TIJ):    0.000ns
    Discrete Jitter          (DJ):    0.000ns
    Phase Error              (PE):    0.000ns

    Location             Delay type                Incr(ns)  Path(ns)    Netlist Resource(s)
  -------------------------------------------------------------------    -------------------
                         (clock sys_clk_pin rise edge)
                                                      0.000     0.000 r  
    W5                                                0.000     0.000 r  clk_sys_mhz (IN)
                         net (fo=0)                   0.000     0.000    clk_sys_mhz
    W5                   IBUF (Prop_ibuf_I_O)         1.458     1.458 r  clk_sys_mhz_IBUF_inst/O
                         net (fo=1, routed)           1.967     3.425    clk_sys_mhz_IBUF
    BUFGCTRL_X0Y0        BUFG (Prop_bufg_I_O)         0.096     3.521 r  clk_sys_mhz_IBUF_BUFG_inst/O
                         net (fo=260, routed)         1.627     5.148    btn_filter_blk/filter_dr/CLK
    SLICE_X3Y18          FDRE                                         r  btn_filter_blk/filter_dr/stabilization_cnt_reg[5]/C
  -------------------------------------------------------------------    -------------------
    SLICE_X3Y18          FDRE (Prop_fdre_C_Q)         0.456     5.604 f  btn_filter_blk/filter_dr/stabilization_cnt_reg[5]/Q
                         net (fo=3, routed)           0.883     6.487    btn_filter_blk/filter_dr/stabilization_cnt_reg[5]
    SLICE_X2Y17          LUT4 (Prop_lut4_I2_O)        0.124     6.611 r  btn_filter_blk/filter_dr/current_st_i_6__1/O
                         net (fo=1, routed)           0.770     7.381    btn_filter_blk/filter_dr/current_st_i_6__1_n_0
    SLICE_X2Y21          LUT6 (Prop_lut6_I5_O)        0.124     7.505 r  btn_filter_blk/filter_dr/current_st_i_3__1/O
                         net (fo=2, routed)           0.987     8.491    btn_filter_blk/filter_dr/current_st_i_3__1_n_0
    SLICE_X4Y18          LUT4 (Prop_lut4_I1_O)        0.152     8.643 r  btn_filter_blk/filter_dr/stabilization_cnt[0]_i_1__1/O
                         net (fo=20, routed)          0.684     9.327    btn_filter_blk/filter_dr/stabilization_cnt[0]_i_1__1_n_0
    SLICE_X3Y20          FDRE                                         r  btn_filter_blk/filter_dr/stabilization_cnt_reg[15]/R
  -------------------------------------------------------------------    -------------------

                         (clock sys_clk_pin rise edge)
                                                     10.000    10.000 r  
    W5                                                0.000    10.000 r  clk_sys_mhz (IN)
                         net (fo=0)                   0.000    10.000    clk_sys_mhz
    W5                   IBUF (Prop_ibuf_I_O)         1.388    11.388 r  clk_sys_mhz_IBUF_inst/O
                         net (fo=1, routed)           1.862    13.250    clk_sys_mhz_IBUF
    BUFGCTRL_X0Y0        BUFG (Prop_bufg_I_O)         0.091    13.341 r  clk_sys_mhz_IBUF_BUFG_inst/O
                         net (fo=260, routed)         1.508    14.849    btn_filter_blk/filter_dr/CLK
    SLICE_X3Y20          FDRE                                         r  btn_filter_blk/filter_dr/stabilization_cnt_reg[15]/C
                         clock pessimism              0.274    15.123    
                         clock uncertainty           -0.035    15.088    
    SLICE_X3Y20          FDRE (Setup_fdre_C_R)       -0.631    14.457    btn_filter_blk/filter_dr/stabilization_cnt_reg[15]
  -------------------------------------------------------------------
                         required time                         14.457    
                         arrival time                          -9.327    
  -------------------------------------------------------------------
                         slack                                  5.130    

Slack (MET) :             5.272ns  (required time - arrival time)
  Source:                 btn_filter_blk/filter_dr/stabilization_cnt_reg[5]/C
                            (rising edge-triggered cell FDRE clocked by sys_clk_pin  {rise@0.000ns fall@5.000ns period=10.000ns})
  Destination:            btn_filter_blk/filter_dr/stabilization_cnt_reg[10]/R
                            (rising edge-triggered cell FDRE clocked by sys_clk_pin  {rise@0.000ns fall@5.000ns period=10.000ns})
  Path Group:             sys_clk_pin
  Path Type:              Setup (Max at Slow Process Corner)
  Requirement:            10.000ns  (sys_clk_pin rise@10.000ns - sys_clk_pin rise@0.000ns)
  Data Path Delay:        4.037ns  (logic 0.856ns (21.205%)  route 3.181ns (78.795%))
  Logic Levels:           3  (LUT4=2 LUT6=1)
  Clock Path Skew:        -0.025ns (DCD - SCD + CPR)
    Destination Clock Delay (DCD):    4.849ns = ( 14.849 - 10.000 ) 
    Source Clock Delay      (SCD):    5.148ns
    Clock Pessimism Removal (CPR):    0.274ns
  Clock Uncertainty:      0.035ns  ((TSJ^2 + TIJ^2)^1/2 + DJ) / 2 + PE
    Total System Jitter     (TSJ):    0.071ns
    Total Input Jitter      (TIJ):    0.000ns
    Discrete Jitter          (DJ):    0.000ns
    Phase Error              (PE):    0.000ns

    Location             Delay type                Incr(ns)  Path(ns)    Netlist Resource(s)
  -------------------------------------------------------------------    -------------------
                         (clock sys_clk_pin rise edge)
                                                      0.000     0.000 r  
    W5                                                0.000     0.000 r  clk_sys_mhz (IN)
                         net (fo=0)                   0.000     0.000    clk_sys_mhz
    W5                   IBUF (Prop_ibuf_I_O)         1.458     1.458 r  clk_sys_mhz_IBUF_inst/O
                         net (fo=1, routed)           1.967     3.425    clk_sys_mhz_IBUF
    BUFGCTRL_X0Y0        BUFG (Prop_bufg_I_O)         0.096     3.521 r  clk_sys_mhz_IBUF_BUFG_inst/O
                         net (fo=260, routed)         1.627     5.148    btn_filter_blk/filter_dr/CLK
    SLICE_X3Y18          FDRE                                         r  btn_filter_blk/filter_dr/stabilization_cnt_reg[5]/C
  -------------------------------------------------------------------    -------------------
    SLICE_X3Y18          FDRE (Prop_fdre_C_Q)         0.456     5.604 f  btn_filter_blk/filter_dr/stabilization_cnt_reg[5]/Q
                         net (fo=3, routed)           0.883     6.487    btn_filter_blk/filter_dr/stabilization_cnt_reg[5]
    SLICE_X2Y17          LUT4 (Prop_lut4_I2_O)        0.124     6.611 r  btn_filter_blk/filter_dr/current_st_i_6__1/O
                         net (fo=1, routed)           0.770     7.381    btn_filter_blk/filter_dr/current_st_i_6__1_n_0
    SLICE_X2Y21          LUT6 (Prop_lut6_I5_O)        0.124     7.505 r  btn_filter_blk/filter_dr/current_st_i_3__1/O
                         net (fo=2, routed)           0.987     8.491    btn_filter_blk/filter_dr/current_st_i_3__1_n_0
    SLICE_X4Y18          LUT4 (Prop_lut4_I1_O)        0.152     8.643 r  btn_filter_blk/filter_dr/stabilization_cnt[0]_i_1__1/O
                         net (fo=20, routed)          0.542     9.185    btn_filter_blk/filter_dr/stabilization_cnt[0]_i_1__1_n_0
    SLICE_X3Y19          FDRE                                         r  btn_filter_blk/filter_dr/stabilization_cnt_reg[10]/R
  -------------------------------------------------------------------    -------------------

                         (clock sys_clk_pin rise edge)
                                                     10.000    10.000 r  
    W5                                                0.000    10.000 r  clk_sys_mhz (IN)
                         net (fo=0)                   0.000    10.000    clk_sys_mhz
    W5                   IBUF (Prop_ibuf_I_O)         1.388    11.388 r  clk_sys_mhz_IBUF_inst/O
                         net (fo=1, routed)           1.862    13.250    clk_sys_mhz_IBUF
    BUFGCTRL_X0Y0        BUFG (Prop_bufg_I_O)         0.091    13.341 r  clk_sys_mhz_IBUF_BUFG_inst/O
                         net (fo=260, routed)         1.508    14.849    btn_filter_blk/filter_dr/CLK
    SLICE_X3Y19          FDRE                                         r  btn_filter_blk/filter_dr/stabilization_cnt_reg[10]/C
                         clock pessimism              0.274    15.123    
                         clock uncertainty           -0.035    15.088    
    SLICE_X3Y19          FDRE (Setup_fdre_C_R)       -0.631    14.457    btn_filter_blk/filter_dr/stabilization_cnt_reg[10]
  -------------------------------------------------------------------
                         required time                         14.457    
                         arrival time                          -9.185    
  -------------------------------------------------------------------
                         slack                                  5.272    

Slack (MET) :             5.272ns  (required time - arrival time)
  Source:                 btn_filter_blk/filter_dr/stabilization_cnt_reg[5]/C
                            (rising edge-triggered cell FDRE clocked by sys_clk_pin  {rise@0.000ns fall@5.000ns period=10.000ns})
  Destination:            btn_filter_blk/filter_dr/stabilization_cnt_reg[11]/R
                            (rising edge-triggered cell FDRE clocked by sys_clk_pin  {rise@0.000ns fall@5.000ns period=10.000ns})
  Path Group:             sys_clk_pin
  Path Type:              Setup (Max at Slow Process Corner)
  Requirement:            10.000ns  (sys_clk_pin rise@10.000ns - sys_clk_pin rise@0.000ns)
  Data Path Delay:        4.037ns  (logic 0.856ns (21.205%)  route 3.181ns (78.795%))
  Logic Levels:           3  (LUT4=2 LUT6=1)
  Clock Path Skew:        -0.025ns (DCD - SCD + CPR)
    Destination Clock Delay (DCD):    4.849ns = ( 14.849 - 10.000 ) 
    Source Clock Delay      (SCD):    5.148ns
    Clock Pessimism Removal (CPR):    0.274ns
  Clock Uncertainty:      0.035ns  ((TSJ^2 + TIJ^2)^1/2 + DJ) / 2 + PE
    Total System Jitter     (TSJ):    0.071ns
    Total Input Jitter      (TIJ):    0.000ns
    Discrete Jitter          (DJ):    0.000ns
    Phase Error              (PE):    0.000ns

    Location             Delay type                Incr(ns)  Path(ns)    Netlist Resource(s)
  -------------------------------------------------------------------    -------------------
                         (clock sys_clk_pin rise edge)
                                                      0.000     0.000 r  
    W5                                                0.000     0.000 r  clk_sys_mhz (IN)
                         net (fo=0)                   0.000     0.000    clk_sys_mhz
    W5                   IBUF (Prop_ibuf_I_O)         1.458     1.458 r  clk_sys_mhz_IBUF_inst/O
                         net (fo=1, routed)           1.967     3.425    clk_sys_mhz_IBUF
    BUFGCTRL_X0Y0        BUFG (Prop_bufg_I_O)         0.096     3.521 r  clk_sys_mhz_IBUF_BUFG_inst/O
                         net (fo=260, routed)         1.627     5.148    btn_filter_blk/filter_dr/CLK
    SLICE_X3Y18          FDRE                                         r  btn_filter_blk/filter_dr/stabilization_cnt_reg[5]/C
  -------------------------------------------------------------------    -------------------
    SLICE_X3Y18          FDRE (Prop_fdre_C_Q)         0.456     5.604 f  btn_filter_blk/filter_dr/stabilization_cnt_reg[5]/Q
                         net (fo=3, routed)           0.883     6.487    btn_filter_blk/filter_dr/stabilization_cnt_reg[5]
    SLICE_X2Y17          LUT4 (Prop_lut4_I2_O)        0.124     6.611 r  btn_filter_blk/filter_dr/current_st_i_6__1/O
                         net (fo=1, routed)           0.770     7.381    btn_filter_blk/filter_dr/current_st_i_6__1_n_0
    SLICE_X2Y21          LUT6 (Prop_lut6_I5_O)        0.124     7.505 r  btn_filter_blk/filter_dr/current_st_i_3__1/O
                         net (fo=2, routed)           0.987     8.491    btn_filter_blk/filter_dr/current_st_i_3__1_n_0
    SLICE_X4Y18          LUT4 (Prop_lut4_I1_O)        0.152     8.643 r  btn_filter_blk/filter_dr/stabilization_cnt[0]_i_1__1/O
                         net (fo=20, routed)          0.542     9.185    btn_filter_blk/filter_dr/stabilization_cnt[0]_i_1__1_n_0
    SLICE_X3Y19          FDRE                                         r  btn_filter_blk/filter_dr/stabilization_cnt_reg[11]/R
  -------------------------------------------------------------------    -------------------

                         (clock sys_clk_pin rise edge)
                                                     10.000    10.000 r  
    W5                                                0.000    10.000 r  clk_sys_mhz (IN)
                         net (fo=0)                   0.000    10.000    clk_sys_mhz
    W5                   IBUF (Prop_ibuf_I_O)         1.388    11.388 r  clk_sys_mhz_IBUF_inst/O
                         net (fo=1, routed)           1.862    13.250    clk_sys_mhz_IBUF
    BUFGCTRL_X0Y0        BUFG (Prop_bufg_I_O)         0.091    13.341 r  clk_sys_mhz_IBUF_BUFG_inst/O
                         net (fo=260, routed)         1.508    14.849    btn_filter_blk/filter_dr/CLK
    SLICE_X3Y19          FDRE                                         r  btn_filter_blk/filter_dr/stabilization_cnt_reg[11]/C
                         clock pessimism              0.274    15.123    
                         clock uncertainty           -0.035    15.088    
    SLICE_X3Y19          FDRE (Setup_fdre_C_R)       -0.631    14.457    btn_filter_blk/filter_dr/stabilization_cnt_reg[11]
  -------------------------------------------------------------------
                         required time                         14.457    
                         arrival time                          -9.185    
  -------------------------------------------------------------------
                         slack                                  5.272    





Min Delay Paths
--------------------------------------------------------------------------------------
Slack (MET) :             0.154ns  (arrival time - required time)
  Source:                 btn_filter_blk/filter_dw/previous_st_reg/C
                            (rising edge-triggered cell FDRE clocked by sys_clk_pin  {rise@0.000ns fall@5.000ns period=10.000ns})
  Destination:            fsm_ctrl_blk/FSM_onehot_st_current_reg[4]/D
                            (rising edge-triggered cell FDCE clocked by sys_clk_pin  {rise@0.000ns fall@5.000ns period=10.000ns})
  Path Group:             sys_clk_pin
  Path Type:              Hold (Min at Fast Process Corner)
  Requirement:            0.000ns  (sys_clk_pin rise@0.000ns - sys_clk_pin rise@0.000ns)
  Data Path Delay:        0.288ns  (logic 0.186ns (64.537%)  route 0.102ns (35.463%))
  Logic Levels:           1  (LUT6=1)
  Clock Path Skew:        0.013ns (DCD - SCD - CPR)
    Destination Clock Delay (DCD):    1.955ns
    Source Clock Delay      (SCD):    1.443ns
    Clock Pessimism Removal (CPR):    0.499ns

    Location             Delay type                Incr(ns)  Path(ns)    Netlist Resource(s)
  -------------------------------------------------------------------    -------------------
                         (clock sys_clk_pin rise edge)
                                                      0.000     0.000 r  
    W5                                                0.000     0.000 r  clk_sys_mhz (IN)
                         net (fo=0)                   0.000     0.000    clk_sys_mhz
    W5                   IBUF (Prop_ibuf_I_O)         0.226     0.226 r  clk_sys_mhz_IBUF_inst/O
                         net (fo=1, routed)           0.631     0.858    clk_sys_mhz_IBUF
    BUFGCTRL_X0Y0        BUFG (Prop_bufg_I_O)         0.026     0.884 r  clk_sys_mhz_IBUF_BUFG_inst/O
                         net (fo=260, routed)         0.560     1.443    btn_filter_blk/filter_dw/CLK
    SLICE_X11Y17         FDRE                                         r  btn_filter_blk/filter_dw/previous_st_reg/C
  -------------------------------------------------------------------    -------------------
    SLICE_X11Y17         FDRE (Prop_fdre_C_Q)         0.141     1.584 f  btn_filter_blk/filter_dw/previous_st_reg/Q
                         net (fo=2, routed)           0.102     1.686    btn_filter_blk/filter_dw/previous_st_0
    SLICE_X10Y17         LUT6 (Prop_lut6_I0_O)        0.045     1.731 r  btn_filter_blk/filter_dw/FSM_onehot_st_current[4]_i_1/O
                         net (fo=1, routed)           0.000     1.731    fsm_ctrl_blk/D[4]
    SLICE_X10Y17         FDCE                                         r  fsm_ctrl_blk/FSM_onehot_st_current_reg[4]/D
  -------------------------------------------------------------------    -------------------

                         (clock sys_clk_pin rise edge)
                                                      0.000     0.000 r  
    W5                                                0.000     0.000 r  clk_sys_mhz (IN)
                         net (fo=0)                   0.000     0.000    clk_sys_mhz
    W5                   IBUF (Prop_ibuf_I_O)         0.414     0.414 r  clk_sys_mhz_IBUF_inst/O
                         net (fo=1, routed)           0.685     1.099    clk_sys_mhz_IBUF
    BUFGCTRL_X0Y0        BUFG (Prop_bufg_I_O)         0.029     1.128 r  clk_sys_mhz_IBUF_BUFG_inst/O
                         net (fo=260, routed)         0.828     1.955    fsm_ctrl_blk/CLK
    SLICE_X10Y17         FDCE                                         r  fsm_ctrl_blk/FSM_onehot_st_current_reg[4]/C
                         clock pessimism             -0.499     1.456    
    SLICE_X10Y17         FDCE (Hold_fdce_C_D)         0.121     1.577    fsm_ctrl_blk/FSM_onehot_st_current_reg[4]
  -------------------------------------------------------------------
                         required time                         -1.577    
                         arrival time                           1.731    
  -------------------------------------------------------------------
                         slack                                  0.154    

Slack (MET) :             0.207ns  (arrival time - required time)
  Source:                 fsm_ctrl_blk/FSM_onehot_st_current_reg[0]/C
                            (rising edge-triggered cell FDPE clocked by sys_clk_pin  {rise@0.000ns fall@5.000ns period=10.000ns})
  Destination:            fsm_ctrl_blk/FSM_onehot_st_current_reg[1]/D
                            (rising edge-triggered cell FDCE clocked by sys_clk_pin  {rise@0.000ns fall@5.000ns period=10.000ns})
  Path Group:             sys_clk_pin
  Path Type:              Hold (Min at Fast Process Corner)
  Requirement:            0.000ns  (sys_clk_pin rise@0.000ns - sys_clk_pin rise@0.000ns)
  Data Path Delay:        0.360ns  (logic 0.209ns (57.976%)  route 0.151ns (42.024%))
  Logic Levels:           1  (LUT3=1)
  Clock Path Skew:        0.033ns (DCD - SCD - CPR)
    Destination Clock Delay (DCD):    1.954ns
    Source Clock Delay      (SCD):    1.443ns
    Clock Pessimism Removal (CPR):    0.478ns

    Location             Delay type                Incr(ns)  Path(ns)    Netlist Resource(s)
  -------------------------------------------------------------------    -------------------
                         (clock sys_clk_pin rise edge)
                                                      0.000     0.000 r  
    W5                                                0.000     0.000 r  clk_sys_mhz (IN)
                         net (fo=0)                   0.000     0.000    clk_sys_mhz
    W5                   IBUF (Prop_ibuf_I_O)         0.226     0.226 r  clk_sys_mhz_IBUF_inst/O
                         net (fo=1, routed)           0.631     0.858    clk_sys_mhz_IBUF
    BUFGCTRL_X0Y0        BUFG (Prop_bufg_I_O)         0.026     0.884 r  clk_sys_mhz_IBUF_BUFG_inst/O
                         net (fo=260, routed)         0.560     1.443    fsm_ctrl_blk/CLK
    SLICE_X10Y17         FDPE                                         r  fsm_ctrl_blk/FSM_onehot_st_current_reg[0]/C
  -------------------------------------------------------------------    -------------------
    SLICE_X10Y17         FDPE (Prop_fdpe_C_Q)         0.164     1.607 r  fsm_ctrl_blk/FSM_onehot_st_current_reg[0]/Q
                         net (fo=5, routed)           0.151     1.759    btn_filter_blk/filter_qw/Q[0]
    SLICE_X8Y18          LUT3 (Prop_lut3_I2_O)        0.045     1.804 r  btn_filter_blk/filter_qw/FSM_onehot_st_current[1]_i_1/O
                         net (fo=1, routed)           0.000     1.804    fsm_ctrl_blk/D[1]
    SLICE_X8Y18          FDCE                                         r  fsm_ctrl_blk/FSM_onehot_st_current_reg[1]/D
  -------------------------------------------------------------------    -------------------

                         (clock sys_clk_pin rise edge)
                                                      0.000     0.000 r  
    W5                                                0.000     0.000 r  clk_sys_mhz (IN)
                         net (fo=0)                   0.000     0.000    clk_sys_mhz
    W5                   IBUF (Prop_ibuf_I_O)         0.414     0.414 r  clk_sys_mhz_IBUF_inst/O
                         net (fo=1, routed)           0.685     1.099    clk_sys_mhz_IBUF
    BUFGCTRL_X0Y0        BUFG (Prop_bufg_I_O)         0.029     1.128 r  clk_sys_mhz_IBUF_BUFG_inst/O
                         net (fo=260, routed)         0.827     1.954    fsm_ctrl_blk/CLK
    SLICE_X8Y18          FDCE                                         r  fsm_ctrl_blk/FSM_onehot_st_current_reg[1]/C
                         clock pessimism             -0.478     1.476    
    SLICE_X8Y18          FDCE (Hold_fdce_C_D)         0.120     1.596    fsm_ctrl_blk/FSM_onehot_st_current_reg[1]
  -------------------------------------------------------------------
                         required time                         -1.596    
                         arrival time                           1.804    
  -------------------------------------------------------------------
                         slack                                  0.207    

Slack (MET) :             0.211ns  (arrival time - required time)
  Source:                 btn_filter_blk/filter_dr/current_st_reg/C
                            (rising edge-triggered cell FDRE clocked by sys_clk_pin  {rise@0.000ns fall@5.000ns period=10.000ns})
  Destination:            btn_filter_blk/filter_dr/previous_st_reg/D
                            (rising edge-triggered cell FDRE clocked by sys_clk_pin  {rise@0.000ns fall@5.000ns period=10.000ns})
  Path Group:             sys_clk_pin
  Path Type:              Hold (Min at Fast Process Corner)
  Requirement:            0.000ns  (sys_clk_pin rise@0.000ns - sys_clk_pin rise@0.000ns)
  Data Path Delay:        0.296ns  (logic 0.141ns (47.605%)  route 0.155ns (52.395%))
  Logic Levels:           0  
  Clock Path Skew:        0.015ns (DCD - SCD - CPR)
    Destination Clock Delay (DCD):    1.983ns
    Source Clock Delay      (SCD):    1.469ns
    Clock Pessimism Removal (CPR):    0.499ns

    Location             Delay type                Incr(ns)  Path(ns)    Netlist Resource(s)
  -------------------------------------------------------------------    -------------------
                         (clock sys_clk_pin rise edge)
                                                      0.000     0.000 r  
    W5                                                0.000     0.000 r  clk_sys_mhz (IN)
                         net (fo=0)                   0.000     0.000    clk_sys_mhz
    W5                   IBUF (Prop_ibuf_I_O)         0.226     0.226 r  clk_sys_mhz_IBUF_inst/O
                         net (fo=1, routed)           0.631     0.858    clk_sys_mhz_IBUF
    BUFGCTRL_X0Y0        BUFG (Prop_bufg_I_O)         0.026     0.884 r  clk_sys_mhz_IBUF_BUFG_inst/O
                         net (fo=260, routed)         0.586     1.469    btn_filter_blk/filter_dr/CLK
    SLICE_X4Y18          FDRE                                         r  btn_filter_blk/filter_dr/current_st_reg/C
  -------------------------------------------------------------------    -------------------
    SLICE_X4Y18          FDRE (Prop_fdre_C_Q)         0.141     1.610 r  btn_filter_blk/filter_dr/current_st_reg/Q
                         net (fo=6, routed)           0.155     1.765    btn_filter_blk/filter_dr/current_st_reg_0
    SLICE_X4Y17          FDRE                                         r  btn_filter_blk/filter_dr/previous_st_reg/D
  -------------------------------------------------------------------    -------------------

                         (clock sys_clk_pin rise edge)
                                                      0.000     0.000 r  
    W5                                                0.000     0.000 r  clk_sys_mhz (IN)
                         net (fo=0)                   0.000     0.000    clk_sys_mhz
    W5                   IBUF (Prop_ibuf_I_O)         0.414     0.414 r  clk_sys_mhz_IBUF_inst/O
                         net (fo=1, routed)           0.685     1.099    clk_sys_mhz_IBUF
    BUFGCTRL_X0Y0        BUFG (Prop_bufg_I_O)         0.029     1.128 r  clk_sys_mhz_IBUF_BUFG_inst/O
                         net (fo=260, routed)         0.856     1.983    btn_filter_blk/filter_dr/CLK
    SLICE_X4Y17          FDRE                                         r  btn_filter_blk/filter_dr/previous_st_reg/C
                         clock pessimism             -0.499     1.484    
    SLICE_X4Y17          FDRE (Hold_fdre_C_D)         0.070     1.554    btn_filter_blk/filter_dr/previous_st_reg
  -------------------------------------------------------------------
                         required time                         -1.554    
                         arrival time                           1.765    
  -------------------------------------------------------------------
                         slack                                  0.211    

Slack (MET) :             0.223ns  (arrival time - required time)
  Source:                 QuickWashMachine_Datapath/is_busy_flag_reg/C
                            (rising edge-triggered cell FDCE clocked by sys_clk_pin  {rise@0.000ns fall@5.000ns period=10.000ns})
  Destination:            QuickWashMachine_Datapath/sec_timer_reg[0]/D
                            (rising edge-triggered cell FDCE clocked by sys_clk_pin  {rise@0.000ns fall@5.000ns period=10.000ns})
  Path Group:             sys_clk_pin
  Path Type:              Hold (Min at Fast Process Corner)
  Requirement:            0.000ns  (sys_clk_pin rise@0.000ns - sys_clk_pin rise@0.000ns)
  Data Path Delay:        0.378ns  (logic 0.209ns (55.227%)  route 0.169ns (44.773%))
  Logic Levels:           1  (LUT2=1)
  Clock Path Skew:        0.034ns (DCD - SCD - CPR)
    Destination Clock Delay (DCD):    1.952ns
    Source Clock Delay      (SCD):    1.440ns
    Clock Pessimism Removal (CPR):    0.478ns

    Location             Delay type                Incr(ns)  Path(ns)    Netlist Resource(s)
  -------------------------------------------------------------------    -------------------
                         (clock sys_clk_pin rise edge)
                                                      0.000     0.000 r  
    W5                                                0.000     0.000 r  clk_sys_mhz (IN)
                         net (fo=0)                   0.000     0.000    clk_sys_mhz
    W5                   IBUF (Prop_ibuf_I_O)         0.226     0.226 r  clk_sys_mhz_IBUF_inst/O
                         net (fo=1, routed)           0.631     0.858    clk_sys_mhz_IBUF
    BUFGCTRL_X0Y0        BUFG (Prop_bufg_I_O)         0.026     0.884 r  clk_sys_mhz_IBUF_BUFG_inst/O
                         net (fo=260, routed)         0.557     1.440    QuickWashMachine_Datapath/CLK
    SLICE_X8Y20          FDCE                                         r  QuickWashMachine_Datapath/is_busy_flag_reg/C
  -------------------------------------------------------------------    -------------------
    SLICE_X8Y20          FDCE (Prop_fdce_C_Q)         0.164     1.604 r  QuickWashMachine_Datapath/is_busy_flag_reg/Q
                         net (fo=43, routed)          0.169     1.774    QuickWashMachine_Datapath/flag_qw
    SLICE_X10Y20         LUT2 (Prop_lut2_I0_O)        0.045     1.819 r  QuickWashMachine_Datapath/sec_timer[0]_i_1/O
                         net (fo=1, routed)           0.000     1.819    QuickWashMachine_Datapath/sec_timer[0]_i_1_n_0
    SLICE_X10Y20         FDCE                                         r  QuickWashMachine_Datapath/sec_timer_reg[0]/D
  -------------------------------------------------------------------    -------------------

                         (clock sys_clk_pin rise edge)
                                                      0.000     0.000 r  
    W5                                                0.000     0.000 r  clk_sys_mhz (IN)
                         net (fo=0)                   0.000     0.000    clk_sys_mhz
    W5                   IBUF (Prop_ibuf_I_O)         0.414     0.414 r  clk_sys_mhz_IBUF_inst/O
                         net (fo=1, routed)           0.685     1.099    clk_sys_mhz_IBUF
    BUFGCTRL_X0Y0        BUFG (Prop_bufg_I_O)         0.029     1.128 r  clk_sys_mhz_IBUF_BUFG_inst/O
                         net (fo=260, routed)         0.825     1.952    QuickWashMachine_Datapath/CLK
    SLICE_X10Y20         FDCE                                         r  QuickWashMachine_Datapath/sec_timer_reg[0]/C
                         clock pessimism             -0.478     1.474    
    SLICE_X10Y20         FDCE (Hold_fdce_C_D)         0.121     1.595    QuickWashMachine_Datapath/sec_timer_reg[0]
  -------------------------------------------------------------------
                         required time                         -1.595    
                         arrival time                           1.819    
  -------------------------------------------------------------------
                         slack                                  0.223    

Slack (MET) :             0.230ns  (arrival time - required time)
  Source:                 HeavyWashMachine_Datapath/is_busy_flag_reg/C
                            (rising edge-triggered cell FDCE clocked by sys_clk_pin  {rise@0.000ns fall@5.000ns period=10.000ns})
  Destination:            HeavyWashMachine_Datapath/sec_timer_reg[3]/D
                            (rising edge-triggered cell FDCE clocked by sys_clk_pin  {rise@0.000ns fall@5.000ns period=10.000ns})
  Path Group:             sys_clk_pin
  Path Type:              Hold (Min at Fast Process Corner)
  Requirement:            0.000ns  (sys_clk_pin rise@0.000ns - sys_clk_pin rise@0.000ns)
  Data Path Delay:        0.374ns  (logic 0.189ns (50.523%)  route 0.185ns (49.477%))
  Logic Levels:           1  (LUT5=1)
  Clock Path Skew:        0.013ns (DCD - SCD - CPR)
    Destination Clock Delay (DCD):    1.950ns
    Source Clock Delay      (SCD):    1.439ns
    Clock Pessimism Removal (CPR):    0.498ns

    Location             Delay type                Incr(ns)  Path(ns)    Netlist Resource(s)
  -------------------------------------------------------------------    -------------------
                         (clock sys_clk_pin rise edge)
                                                      0.000     0.000 r  
    W5                                                0.000     0.000 r  clk_sys_mhz (IN)
                         net (fo=0)                   0.000     0.000    clk_sys_mhz
    W5                   IBUF (Prop_ibuf_I_O)         0.226     0.226 r  clk_sys_mhz_IBUF_inst/O
                         net (fo=1, routed)           0.631     0.858    clk_sys_mhz_IBUF
    BUFGCTRL_X0Y0        BUFG (Prop_bufg_I_O)         0.026     0.884 r  clk_sys_mhz_IBUF_BUFG_inst/O
                         net (fo=260, routed)         0.556     1.439    HeavyWashMachine_Datapath/CLK
    SLICE_X9Y22          FDCE                                         r  HeavyWashMachine_Datapath/is_busy_flag_reg/C
  -------------------------------------------------------------------    -------------------
    SLICE_X9Y22          FDCE (Prop_fdce_C_Q)         0.141     1.580 r  HeavyWashMachine_Datapath/is_busy_flag_reg/Q
                         net (fo=43, routed)          0.185     1.765    HeavyWashMachine_Datapath/flag_hw
    SLICE_X8Y22          LUT5 (Prop_lut5_I3_O)        0.048     1.813 r  HeavyWashMachine_Datapath/sec_timer[3]_i_2__0/O
                         net (fo=1, routed)           0.000     1.813    HeavyWashMachine_Datapath/p_0_in__0[3]
    SLICE_X8Y22          FDCE                                         r  HeavyWashMachine_Datapath/sec_timer_reg[3]/D
  -------------------------------------------------------------------    -------------------

                         (clock sys_clk_pin rise edge)
                                                      0.000     0.000 r  
    W5                                                0.000     0.000 r  clk_sys_mhz (IN)
                         net (fo=0)                   0.000     0.000    clk_sys_mhz
    W5                   IBUF (Prop_ibuf_I_O)         0.414     0.414 r  clk_sys_mhz_IBUF_inst/O
                         net (fo=1, routed)           0.685     1.099    clk_sys_mhz_IBUF
    BUFGCTRL_X0Y0        BUFG (Prop_bufg_I_O)         0.029     1.128 r  clk_sys_mhz_IBUF_BUFG_inst/O
                         net (fo=260, routed)         0.823     1.950    HeavyWashMachine_Datapath/CLK
    SLICE_X8Y22          FDCE                                         r  HeavyWashMachine_Datapath/sec_timer_reg[3]/C
                         clock pessimism             -0.498     1.452    
    SLICE_X8Y22          FDCE (Hold_fdce_C_D)         0.131     1.583    HeavyWashMachine_Datapath/sec_timer_reg[3]
  -------------------------------------------------------------------
                         required time                         -1.583    
                         arrival time                           1.813    
  -------------------------------------------------------------------
                         slack                                  0.230    

Slack (MET) :             0.234ns  (arrival time - required time)
  Source:                 HeavyWashMachine_Datapath/is_busy_flag_reg/C
                            (rising edge-triggered cell FDCE clocked by sys_clk_pin  {rise@0.000ns fall@5.000ns period=10.000ns})
  Destination:            HeavyWashMachine_Datapath/sec_timer_reg[1]/D
                            (rising edge-triggered cell FDCE clocked by sys_clk_pin  {rise@0.000ns fall@5.000ns period=10.000ns})
  Path Group:             sys_clk_pin
  Path Type:              Hold (Min at Fast Process Corner)
  Requirement:            0.000ns  (sys_clk_pin rise@0.000ns - sys_clk_pin rise@0.000ns)
  Data Path Delay:        0.367ns  (logic 0.186ns (50.669%)  route 0.181ns (49.331%))
  Logic Levels:           1  (LUT3=1)
  Clock Path Skew:        0.013ns (DCD - SCD - CPR)
    Destination Clock Delay (DCD):    1.950ns
    Source Clock Delay      (SCD):    1.439ns
    Clock Pessimism Removal (CPR):    0.498ns

    Location             Delay type                Incr(ns)  Path(ns)    Netlist Resource(s)
  -------------------------------------------------------------------    -------------------
                         (clock sys_clk_pin rise edge)
                                                      0.000     0.000 r  
    W5                                                0.000     0.000 r  clk_sys_mhz (IN)
                         net (fo=0)                   0.000     0.000    clk_sys_mhz
    W5                   IBUF (Prop_ibuf_I_O)         0.226     0.226 r  clk_sys_mhz_IBUF_inst/O
                         net (fo=1, routed)           0.631     0.858    clk_sys_mhz_IBUF
    BUFGCTRL_X0Y0        BUFG (Prop_bufg_I_O)         0.026     0.884 r  clk_sys_mhz_IBUF_BUFG_inst/O
                         net (fo=260, routed)         0.556     1.439    HeavyWashMachine_Datapath/CLK
    SLICE_X9Y22          FDCE                                         r  HeavyWashMachine_Datapath/is_busy_flag_reg/C
  -------------------------------------------------------------------    -------------------
    SLICE_X9Y22          FDCE (Prop_fdce_C_Q)         0.141     1.580 f  HeavyWashMachine_Datapath/is_busy_flag_reg/Q
                         net (fo=43, routed)          0.181     1.761    HeavyWashMachine_Datapath/flag_hw
    SLICE_X8Y22          LUT3 (Prop_lut3_I0_O)        0.045     1.806 r  HeavyWashMachine_Datapath/sec_timer[1]_i_1__0/O
                         net (fo=1, routed)           0.000     1.806    HeavyWashMachine_Datapath/p_0_in__0[1]
    SLICE_X8Y22          FDCE                                         r  HeavyWashMachine_Datapath/sec_timer_reg[1]/D
  -------------------------------------------------------------------    -------------------

                         (clock sys_clk_pin rise edge)
                                                      0.000     0.000 r  
    W5                                                0.000     0.000 r  clk_sys_mhz (IN)
                         net (fo=0)                   0.000     0.000    clk_sys_mhz
    W5                   IBUF (Prop_ibuf_I_O)         0.414     0.414 r  clk_sys_mhz_IBUF_inst/O
                         net (fo=1, routed)           0.685     1.099    clk_sys_mhz_IBUF
    BUFGCTRL_X0Y0        BUFG (Prop_bufg_I_O)         0.029     1.128 r  clk_sys_mhz_IBUF_BUFG_inst/O
                         net (fo=260, routed)         0.823     1.950    HeavyWashMachine_Datapath/CLK
    SLICE_X8Y22          FDCE                                         r  HeavyWashMachine_Datapath/sec_timer_reg[1]/C
                         clock pessimism             -0.498     1.452    
    SLICE_X8Y22          FDCE (Hold_fdce_C_D)         0.120     1.572    HeavyWashMachine_Datapath/sec_timer_reg[1]
  -------------------------------------------------------------------
                         required time                         -1.572    
                         arrival time                           1.806    
  -------------------------------------------------------------------
                         slack                                  0.234    

Slack (MET) :             0.235ns  (arrival time - required time)
  Source:                 btn_filter_blk/filter_qw/previous_st_reg/C
                            (rising edge-triggered cell FDRE clocked by sys_clk_pin  {rise@0.000ns fall@5.000ns period=10.000ns})
  Destination:            fsm_ctrl_blk/FSM_onehot_st_current_reg[3]/D
                            (rising edge-triggered cell FDCE clocked by sys_clk_pin  {rise@0.000ns fall@5.000ns period=10.000ns})
  Path Group:             sys_clk_pin
  Path Type:              Hold (Min at Fast Process Corner)
  Requirement:            0.000ns  (sys_clk_pin rise@0.000ns - sys_clk_pin rise@0.000ns)
  Data Path Delay:        0.389ns  (logic 0.209ns (53.796%)  route 0.180ns (46.204%))
  Logic Levels:           1  (LUT6=1)
  Clock Path Skew:        0.034ns (DCD - SCD - CPR)
    Destination Clock Delay (DCD):    1.955ns
    Source Clock Delay      (SCD):    1.443ns
    Clock Pessimism Removal (CPR):    0.478ns

    Location             Delay type                Incr(ns)  Path(ns)    Netlist Resource(s)
  -------------------------------------------------------------------    -------------------
                         (clock sys_clk_pin rise edge)
                                                      0.000     0.000 r  
    W5                                                0.000     0.000 r  clk_sys_mhz (IN)
                         net (fo=0)                   0.000     0.000    clk_sys_mhz
    W5                   IBUF (Prop_ibuf_I_O)         0.226     0.226 r  clk_sys_mhz_IBUF_inst/O
                         net (fo=1, routed)           0.631     0.858    clk_sys_mhz_IBUF
    BUFGCTRL_X0Y0        BUFG (Prop_bufg_I_O)         0.026     0.884 r  clk_sys_mhz_IBUF_BUFG_inst/O
                         net (fo=260, routed)         0.560     1.443    btn_filter_blk/filter_qw/CLK
    SLICE_X8Y17          FDRE                                         r  btn_filter_blk/filter_qw/previous_st_reg/C
  -------------------------------------------------------------------    -------------------
    SLICE_X8Y17          FDRE (Prop_fdre_C_Q)         0.164     1.607 r  btn_filter_blk/filter_qw/previous_st_reg/Q
                         net (fo=5, routed)           0.180     1.787    btn_filter_blk/filter_dr/previous_st_0
    SLICE_X10Y17         LUT6 (Prop_lut6_I4_O)        0.045     1.832 r  btn_filter_blk/filter_dr/FSM_onehot_st_current[3]_i_1/O
                         net (fo=1, routed)           0.000     1.832    fsm_ctrl_blk/D[3]
    SLICE_X10Y17         FDCE                                         r  fsm_ctrl_blk/FSM_onehot_st_current_reg[3]/D
  -------------------------------------------------------------------    -------------------

                         (clock sys_clk_pin rise edge)
                                                      0.000     0.000 r  
    W5                                                0.000     0.000 r  clk_sys_mhz (IN)
                         net (fo=0)                   0.000     0.000    clk_sys_mhz
    W5                   IBUF (Prop_ibuf_I_O)         0.414     0.414 r  clk_sys_mhz_IBUF_inst/O
                         net (fo=1, routed)           0.685     1.099    clk_sys_mhz_IBUF
    BUFGCTRL_X0Y0        BUFG (Prop_bufg_I_O)         0.029     1.128 r  clk_sys_mhz_IBUF_BUFG_inst/O
                         net (fo=260, routed)         0.828     1.955    fsm_ctrl_blk/CLK
    SLICE_X10Y17         FDCE                                         r  fsm_ctrl_blk/FSM_onehot_st_current_reg[3]/C
                         clock pessimism             -0.478     1.477    
    SLICE_X10Y17         FDCE (Hold_fdce_C_D)         0.120     1.597    fsm_ctrl_blk/FSM_onehot_st_current_reg[3]
  -------------------------------------------------------------------
                         required time                         -1.597    
                         arrival time                           1.832    
  -------------------------------------------------------------------
                         slack                                  0.235    

Slack (MET) :             0.237ns  (arrival time - required time)
  Source:                 HeavyWashMachine_Datapath/is_busy_flag_reg/C
                            (rising edge-triggered cell FDCE clocked by sys_clk_pin  {rise@0.000ns fall@5.000ns period=10.000ns})
  Destination:            HeavyWashMachine_Datapath/sec_timer_reg[2]/D
                            (rising edge-triggered cell FDCE clocked by sys_clk_pin  {rise@0.000ns fall@5.000ns period=10.000ns})
  Path Group:             sys_clk_pin
  Path Type:              Hold (Min at Fast Process Corner)
  Requirement:            0.000ns  (sys_clk_pin rise@0.000ns - sys_clk_pin rise@0.000ns)
  Data Path Delay:        0.371ns  (logic 0.186ns (50.123%)  route 0.185ns (49.877%))
  Logic Levels:           1  (LUT4=1)
  Clock Path Skew:        0.013ns (DCD - SCD - CPR)
    Destination Clock Delay (DCD):    1.950ns
    Source Clock Delay      (SCD):    1.439ns
    Clock Pessimism Removal (CPR):    0.498ns

    Location             Delay type                Incr(ns)  Path(ns)    Netlist Resource(s)
  -------------------------------------------------------------------    -------------------
                         (clock sys_clk_pin rise edge)
                                                      0.000     0.000 r  
    W5                                                0.000     0.000 r  clk_sys_mhz (IN)
                         net (fo=0)                   0.000     0.000    clk_sys_mhz
    W5                   IBUF (Prop_ibuf_I_O)         0.226     0.226 r  clk_sys_mhz_IBUF_inst/O
                         net (fo=1, routed)           0.631     0.858    clk_sys_mhz_IBUF
    BUFGCTRL_X0Y0        BUFG (Prop_bufg_I_O)         0.026     0.884 r  clk_sys_mhz_IBUF_BUFG_inst/O
                         net (fo=260, routed)         0.556     1.439    HeavyWashMachine_Datapath/CLK
    SLICE_X9Y22          FDCE                                         r  HeavyWashMachine_Datapath/is_busy_flag_reg/C
  -------------------------------------------------------------------    -------------------
    SLICE_X9Y22          FDCE (Prop_fdce_C_Q)         0.141     1.580 f  HeavyWashMachine_Datapath/is_busy_flag_reg/Q
                         net (fo=43, routed)          0.185     1.765    HeavyWashMachine_Datapath/flag_hw
    SLICE_X8Y22          LUT4 (Prop_lut4_I0_O)        0.045     1.810 r  HeavyWashMachine_Datapath/sec_timer[2]_i_1__0/O
                         net (fo=1, routed)           0.000     1.810    HeavyWashMachine_Datapath/p_0_in__0[2]
    SLICE_X8Y22          FDCE                                         r  HeavyWashMachine_Datapath/sec_timer_reg[2]/D
  -------------------------------------------------------------------    -------------------

                         (clock sys_clk_pin rise edge)
                                                      0.000     0.000 r  
    W5                                                0.000     0.000 r  clk_sys_mhz (IN)
                         net (fo=0)                   0.000     0.000    clk_sys_mhz
    W5                   IBUF (Prop_ibuf_I_O)         0.414     0.414 r  clk_sys_mhz_IBUF_inst/O
                         net (fo=1, routed)           0.685     1.099    clk_sys_mhz_IBUF
    BUFGCTRL_X0Y0        BUFG (Prop_bufg_I_O)         0.029     1.128 r  clk_sys_mhz_IBUF_BUFG_inst/O
                         net (fo=260, routed)         0.823     1.950    HeavyWashMachine_Datapath/CLK
    SLICE_X8Y22          FDCE                                         r  HeavyWashMachine_Datapath/sec_timer_reg[2]/C
                         clock pessimism             -0.498     1.452    
    SLICE_X8Y22          FDCE (Hold_fdce_C_D)         0.121     1.573    HeavyWashMachine_Datapath/sec_timer_reg[2]
  -------------------------------------------------------------------
                         required time                         -1.573    
                         arrival time                           1.810    
  -------------------------------------------------------------------
                         slack                                  0.237    

Slack (MET) :             0.243ns  (arrival time - required time)
  Source:                 DryerMachine_Datapath/wait_queue_reg[0]/C
                            (rising edge-triggered cell FDCE clocked by sys_clk_pin  {rise@0.000ns fall@5.000ns period=10.000ns})
  Destination:            DryerMachine_Datapath/wait_queue_reg[1]/D
                            (rising edge-triggered cell FDCE clocked by sys_clk_pin  {rise@0.000ns fall@5.000ns period=10.000ns})
  Path Group:             sys_clk_pin
  Path Type:              Hold (Min at Fast Process Corner)
  Requirement:            0.000ns  (sys_clk_pin rise@0.000ns - sys_clk_pin rise@0.000ns)
  Data Path Delay:        0.374ns  (logic 0.213ns (56.973%)  route 0.161ns (43.027%))
  Logic Levels:           1  (LUT5=1)
  Clock Path Skew:        0.000ns (DCD - SCD - CPR)
    Destination Clock Delay (DCD):    1.980ns
    Source Clock Delay      (SCD):    1.468ns
    Clock Pessimism Removal (CPR):    0.512ns

    Location             Delay type                Incr(ns)  Path(ns)    Netlist Resource(s)
  -------------------------------------------------------------------    -------------------
                         (clock sys_clk_pin rise edge)
                                                      0.000     0.000 r  
    W5                                                0.000     0.000 r  clk_sys_mhz (IN)
                         net (fo=0)                   0.000     0.000    clk_sys_mhz
    W5                   IBUF (Prop_ibuf_I_O)         0.226     0.226 r  clk_sys_mhz_IBUF_inst/O
                         net (fo=1, routed)           0.631     0.858    clk_sys_mhz_IBUF
    BUFGCTRL_X0Y0        BUFG (Prop_bufg_I_O)         0.026     0.884 r  clk_sys_mhz_IBUF_BUFG_inst/O
                         net (fo=260, routed)         0.585     1.468    DryerMachine_Datapath/CLK
    SLICE_X2Y22          FDCE                                         r  DryerMachine_Datapath/wait_queue_reg[0]/C
  -------------------------------------------------------------------    -------------------
    SLICE_X2Y22          FDCE (Prop_fdce_C_Q)         0.164     1.632 r  DryerMachine_Datapath/wait_queue_reg[0]/Q
                         net (fo=4, routed)           0.161     1.793    DryerMachine_Datapath/wait_queue_reg_n_0_[0]
    SLICE_X2Y22          LUT5 (Prop_lut5_I3_O)        0.049     1.842 r  DryerMachine_Datapath/wait_queue[1]_i_1/O
                         net (fo=1, routed)           0.000     1.842    DryerMachine_Datapath/wait_queue[1]_i_1_n_0
    SLICE_X2Y22          FDCE                                         r  DryerMachine_Datapath/wait_queue_reg[1]/D
  -------------------------------------------------------------------    -------------------

                         (clock sys_clk_pin rise edge)
                                                      0.000     0.000 r  
    W5                                                0.000     0.000 r  clk_sys_mhz (IN)
                         net (fo=0)                   0.000     0.000    clk_sys_mhz
    W5                   IBUF (Prop_ibuf_I_O)         0.414     0.414 r  clk_sys_mhz_IBUF_inst/O
                         net (fo=1, routed)           0.685     1.099    clk_sys_mhz_IBUF
    BUFGCTRL_X0Y0        BUFG (Prop_bufg_I_O)         0.029     1.128 r  clk_sys_mhz_IBUF_BUFG_inst/O
                         net (fo=260, routed)         0.853     1.980    DryerMachine_Datapath/CLK
    SLICE_X2Y22          FDCE                                         r  DryerMachine_Datapath/wait_queue_reg[1]/C
                         clock pessimism             -0.512     1.468    
    SLICE_X2Y22          FDCE (Hold_fdce_C_D)         0.131     1.599    DryerMachine_Datapath/wait_queue_reg[1]
  -------------------------------------------------------------------
                         required time                         -1.599    
                         arrival time                           1.842    
  -------------------------------------------------------------------
                         slack                                  0.243    

Slack (MET) :             0.244ns  (arrival time - required time)
  Source:                 DelicateWashMachine_Datapath/sec_timer_reg[2]/C
                            (rising edge-triggered cell FDCE clocked by sys_clk_pin  {rise@0.000ns fall@5.000ns period=10.000ns})
  Destination:            DelicateWashMachine_Datapath/sec_timer_reg[3]/D
                            (rising edge-triggered cell FDCE clocked by sys_clk_pin  {rise@0.000ns fall@5.000ns period=10.000ns})
  Path Group:             sys_clk_pin
  Path Type:              Hold (Min at Fast Process Corner)
  Requirement:            0.000ns  (sys_clk_pin rise@0.000ns - sys_clk_pin rise@0.000ns)
  Data Path Delay:        0.351ns  (logic 0.183ns (52.101%)  route 0.168ns (47.899%))
  Logic Levels:           1  (LUT5=1)
  Clock Path Skew:        0.000ns (DCD - SCD - CPR)
    Destination Clock Delay (DCD):    1.977ns
    Source Clock Delay      (SCD):    1.465ns
    Clock Pessimism Removal (CPR):    0.512ns

    Location             Delay type                Incr(ns)  Path(ns)    Netlist Resource(s)
  -------------------------------------------------------------------    -------------------
                         (clock sys_clk_pin rise edge)
                                                      0.000     0.000 r  
    W5                                                0.000     0.000 r  clk_sys_mhz (IN)
                         net (fo=0)                   0.000     0.000    clk_sys_mhz
    W5                   IBUF (Prop_ibuf_I_O)         0.226     0.226 r  clk_sys_mhz_IBUF_inst/O
                         net (fo=1, routed)           0.631     0.858    clk_sys_mhz_IBUF
    BUFGCTRL_X0Y0        BUFG (Prop_bufg_I_O)         0.026     0.884 r  clk_sys_mhz_IBUF_BUFG_inst/O
                         net (fo=260, routed)         0.582     1.465    DelicateWashMachine_Datapath/CLK
    SLICE_X3Y24          FDCE                                         r  DelicateWashMachine_Datapath/sec_timer_reg[2]/C
  -------------------------------------------------------------------    -------------------
    SLICE_X3Y24          FDCE (Prop_fdce_C_Q)         0.141     1.606 r  DelicateWashMachine_Datapath/sec_timer_reg[2]/Q
                         net (fo=3, routed)           0.168     1.774    DelicateWashMachine_Datapath/sec_timer_reg[2]
    SLICE_X3Y24          LUT5 (Prop_lut5_I2_O)        0.042     1.816 r  DelicateWashMachine_Datapath/sec_timer[3]_i_2__2/O
                         net (fo=1, routed)           0.000     1.816    DelicateWashMachine_Datapath/p_0_in__2[3]
    SLICE_X3Y24          FDCE                                         r  DelicateWashMachine_Datapath/sec_timer_reg[3]/D
  -------------------------------------------------------------------    -------------------

                         (clock sys_clk_pin rise edge)
                                                      0.000     0.000 r  
    W5                                                0.000     0.000 r  clk_sys_mhz (IN)
                         net (fo=0)                   0.000     0.000    clk_sys_mhz
    W5                   IBUF (Prop_ibuf_I_O)         0.414     0.414 r  clk_sys_mhz_IBUF_inst/O
                         net (fo=1, routed)           0.685     1.099    clk_sys_mhz_IBUF
    BUFGCTRL_X0Y0        BUFG (Prop_bufg_I_O)         0.029     1.128 r  clk_sys_mhz_IBUF_BUFG_inst/O
                         net (fo=260, routed)         0.850     1.977    DelicateWashMachine_Datapath/CLK
    SLICE_X3Y24          FDCE                                         r  DelicateWashMachine_Datapath/sec_timer_reg[3]/C
                         clock pessimism             -0.512     1.465    
    SLICE_X3Y24          FDCE (Hold_fdce_C_D)         0.107     1.572    DelicateWashMachine_Datapath/sec_timer_reg[3]
  -------------------------------------------------------------------
                         required time                         -1.572    
                         arrival time                           1.816    
  -------------------------------------------------------------------
                         slack                                  0.244    





Pulse Width Checks
--------------------------------------------------------------------------------------
Clock Name:         sys_clk_pin
Waveform(ns):       { 0.000 5.000 }
Period(ns):         10.000
Sources:            { clk_sys_mhz }

Check Type        Corner  Lib Pin  Reference Pin  Required(ns)  Actual(ns)  Slack(ns)  Location       Pin
Min Period        n/a     BUFG/I   n/a            2.155         10.000      7.845      BUFGCTRL_X0Y0  clk_sys_mhz_IBUF_BUFG_inst/I
Min Period        n/a     FDCE/C   n/a            1.000         10.000      9.000      SLICE_X3Y23    DelicateWashMachine_Datapath/is_busy_flag_reg/C
Min Period        n/a     FDCE/C   n/a            1.000         10.000      9.000      SLICE_X2Y22    DelicateWashMachine_Datapath/sec_scaler_reg[0]/C
Min Period        n/a     FDCE/C   n/a            1.000         10.000      9.000      SLICE_X1Y24    DelicateWashMachine_Datapath/sec_scaler_reg[10]/C
Min Period        n/a     FDCE/C   n/a            1.000         10.000      9.000      SLICE_X2Y24    DelicateWashMachine_Datapath/sec_scaler_reg[11]/C
Min Period        n/a     FDCE/C   n/a            1.000         10.000      9.000      SLICE_X2Y24    DelicateWashMachine_Datapath/sec_scaler_reg[12]/C
Min Period        n/a     FDCE/C   n/a            1.000         10.000      9.000      SLICE_X1Y25    DelicateWashMachine_Datapath/sec_scaler_reg[13]/C
Min Period        n/a     FDCE/C   n/a            1.000         10.000      9.000      SLICE_X1Y25    DelicateWashMachine_Datapath/sec_scaler_reg[14]/C
Min Period        n/a     FDCE/C   n/a            1.000         10.000      9.000      SLICE_X1Y25    DelicateWashMachine_Datapath/sec_scaler_reg[15]/C
Min Period        n/a     FDCE/C   n/a            1.000         10.000      9.000      SLICE_X1Y25    DelicateWashMachine_Datapath/sec_scaler_reg[16]/C
Low Pulse Width   Slow    FDCE/C   n/a            0.500         5.000       4.500      SLICE_X3Y23    DelicateWashMachine_Datapath/is_busy_flag_reg/C
Low Pulse Width   Fast    FDCE/C   n/a            0.500         5.000       4.500      SLICE_X3Y23    DelicateWashMachine_Datapath/is_busy_flag_reg/C
Low Pulse Width   Slow    FDCE/C   n/a            0.500         5.000       4.500      SLICE_X2Y22    DelicateWashMachine_Datapath/sec_scaler_reg[0]/C
Low Pulse Width   Fast    FDCE/C   n/a            0.500         5.000       4.500      SLICE_X2Y22    DelicateWashMachine_Datapath/sec_scaler_reg[0]/C
Low Pulse Width   Slow    FDCE/C   n/a            0.500         5.000       4.500      SLICE_X1Y24    DelicateWashMachine_Datapath/sec_scaler_reg[10]/C
Low Pulse Width   Fast    FDCE/C   n/a            0.500         5.000       4.500      SLICE_X1Y24    DelicateWashMachine_Datapath/sec_scaler_reg[10]/C
Low Pulse Width   Slow    FDCE/C   n/a            0.500         5.000       4.500      SLICE_X2Y24    DelicateWashMachine_Datapath/sec_scaler_reg[11]/C
Low Pulse Width   Fast    FDCE/C   n/a            0.500         5.000       4.500      SLICE_X2Y24    DelicateWashMachine_Datapath/sec_scaler_reg[11]/C
Low Pulse Width   Slow    FDCE/C   n/a            0.500         5.000       4.500      SLICE_X2Y24    DelicateWashMachine_Datapath/sec_scaler_reg[12]/C
Low Pulse Width   Fast    FDCE/C   n/a            0.500         5.000       4.500      SLICE_X2Y24    DelicateWashMachine_Datapath/sec_scaler_reg[12]/C
High Pulse Width  Slow    FDCE/C   n/a            0.500         5.000       4.500      SLICE_X3Y23    DelicateWashMachine_Datapath/is_busy_flag_reg/C
High Pulse Width  Fast    FDCE/C   n/a            0.500         5.000       4.500      SLICE_X3Y23    DelicateWashMachine_Datapath/is_busy_flag_reg/C
High Pulse Width  Slow    FDCE/C   n/a            0.500         5.000       4.500      SLICE_X2Y22    DelicateWashMachine_Datapath/sec_scaler_reg[0]/C
High Pulse Width  Fast    FDCE/C   n/a            0.500         5.000       4.500      SLICE_X2Y22    DelicateWashMachine_Datapath/sec_scaler_reg[0]/C
High Pulse Width  Slow    FDCE/C   n/a            0.500         5.000       4.500      SLICE_X1Y24    DelicateWashMachine_Datapath/sec_scaler_reg[10]/C
High Pulse Width  Fast    FDCE/C   n/a            0.500         5.000       4.500      SLICE_X1Y24    DelicateWashMachine_Datapath/sec_scaler_reg[10]/C
High Pulse Width  Slow    FDCE/C   n/a            0.500         5.000       4.500      SLICE_X2Y24    DelicateWashMachine_Datapath/sec_scaler_reg[11]/C
High Pulse Width  Fast    FDCE/C   n/a            0.500         5.000       4.500      SLICE_X2Y24    DelicateWashMachine_Datapath/sec_scaler_reg[11]/C
High Pulse Width  Slow    FDCE/C   n/a            0.500         5.000       4.500      SLICE_X2Y24    DelicateWashMachine_Datapath/sec_scaler_reg[12]/C
High Pulse Width  Fast    FDCE/C   n/a            0.500         5.000       4.500      SLICE_X2Y24    DelicateWashMachine_Datapath/sec_scaler_reg[12]/C



--------------------------------------------------------------------------------------
Path Group:  (none)
From Clock:  sys_clk_pin
  To Clock:  

Max Delay            18 Endpoints
Min Delay            18 Endpoints
--------------------------------------------------------------------------------------


Max Delay Paths
--------------------------------------------------------------------------------------
Slack:                    inf
  Source:                 QuickWashMachine_Datapath/is_busy_flag_reg/C
                            (rising edge-triggered cell FDCE clocked by sys_clk_pin  {rise@0.000ns fall@5.000ns period=10.000ns})
  Destination:            led[13]
                            (output port)
  Path Group:             (none)
  Path Type:              Max at Slow Process Corner
  Data Path Delay:        10.518ns  (logic 4.149ns (39.451%)  route 6.368ns (60.549%))
  Logic Levels:           2  (LUT2=1 OBUF=1)
  Clock Uncertainty:      0.025ns  ((TSJ^2 + TIJ^2)^1/2 + DJ) / 2 + PE
    Total System Jitter     (TSJ):    0.050ns
    Total Input Jitter      (TIJ):    0.000ns
    Discrete Jitter          (DJ):    0.000ns
    Phase Error              (PE):    0.000ns

    Location             Delay type                Incr(ns)  Path(ns)    Netlist Resource(s)
  -------------------------------------------------------------------    -------------------
                         (clock sys_clk_pin rise edge)
                                                      0.000     0.000 r  
    W5                                                0.000     0.000 r  clk_sys_mhz (IN)
                         net (fo=0)                   0.000     0.000    clk_sys_mhz
    W5                   IBUF (Prop_ibuf_I_O)         1.458     1.458 r  clk_sys_mhz_IBUF_inst/O
                         net (fo=1, routed)           1.967     3.425    clk_sys_mhz_IBUF
    BUFGCTRL_X0Y0        BUFG (Prop_bufg_I_O)         0.096     3.521 r  clk_sys_mhz_IBUF_BUFG_inst/O
                         net (fo=260, routed)         1.556     5.077    QuickWashMachine_Datapath/CLK
    SLICE_X8Y20          FDCE                                         r  QuickWashMachine_Datapath/is_busy_flag_reg/C
  -------------------------------------------------------------------    -------------------
    SLICE_X8Y20          FDCE (Prop_fdce_C_Q)         0.518     5.595 f  QuickWashMachine_Datapath/is_busy_flag_reg/Q
                         net (fo=43, routed)          1.255     6.850    clk_mod_blk/flag_qw
    SLICE_X4Y24          LUT2 (Prop_lut2_I1_O)        0.124     6.974 r  clk_mod_blk/led_OBUF[14]_inst_i_1/O
                         net (fo=3, routed)           5.114    12.088    led_OBUF[12]
    N3                   OBUF (Prop_obuf_I_O)         3.507    15.595 r  led_OBUF[13]_inst/O
                         net (fo=0)                   0.000    15.595    led[13]
    N3                                                                r  led[13] (OUT)
  -------------------------------------------------------------------    -------------------

Slack:                    inf
  Source:                 QuickWashMachine_Datapath/is_busy_flag_reg/C
                            (rising edge-triggered cell FDCE clocked by sys_clk_pin  {rise@0.000ns fall@5.000ns period=10.000ns})
  Destination:            led[12]
                            (output port)
  Path Group:             (none)
  Path Type:              Max at Slow Process Corner
  Data Path Delay:        10.388ns  (logic 4.160ns (40.049%)  route 6.227ns (59.951%))
  Logic Levels:           2  (LUT2=1 OBUF=1)
  Clock Uncertainty:      0.025ns  ((TSJ^2 + TIJ^2)^1/2 + DJ) / 2 + PE
    Total System Jitter     (TSJ):    0.050ns
    Total Input Jitter      (TIJ):    0.000ns
    Discrete Jitter          (DJ):    0.000ns
    Phase Error              (PE):    0.000ns

    Location             Delay type                Incr(ns)  Path(ns)    Netlist Resource(s)
  -------------------------------------------------------------------    -------------------
                         (clock sys_clk_pin rise edge)
                                                      0.000     0.000 r  
    W5                                                0.000     0.000 r  clk_sys_mhz (IN)
                         net (fo=0)                   0.000     0.000    clk_sys_mhz
    W5                   IBUF (Prop_ibuf_I_O)         1.458     1.458 r  clk_sys_mhz_IBUF_inst/O
                         net (fo=1, routed)           1.967     3.425    clk_sys_mhz_IBUF
    BUFGCTRL_X0Y0        BUFG (Prop_bufg_I_O)         0.096     3.521 r  clk_sys_mhz_IBUF_BUFG_inst/O
                         net (fo=260, routed)         1.556     5.077    QuickWashMachine_Datapath/CLK
    SLICE_X8Y20          FDCE                                         r  QuickWashMachine_Datapath/is_busy_flag_reg/C
  -------------------------------------------------------------------    -------------------
    SLICE_X8Y20          FDCE (Prop_fdce_C_Q)         0.518     5.595 f  QuickWashMachine_Datapath/is_busy_flag_reg/Q
                         net (fo=43, routed)          1.255     6.850    clk_mod_blk/flag_qw
    SLICE_X4Y24          LUT2 (Prop_lut2_I1_O)        0.124     6.974 r  clk_mod_blk/led_OBUF[14]_inst_i_1/O
                         net (fo=3, routed)           4.973    11.947    led_OBUF[12]
    P3                   OBUF (Prop_obuf_I_O)         3.518    15.465 r  led_OBUF[12]_inst/O
                         net (fo=0)                   0.000    15.465    led[12]
    P3                                                                r  led[12] (OUT)
  -------------------------------------------------------------------    -------------------

Slack:                    inf
  Source:                 QuickWashMachine_Datapath/is_busy_flag_reg/C
                            (rising edge-triggered cell FDCE clocked by sys_clk_pin  {rise@0.000ns fall@5.000ns period=10.000ns})
  Destination:            led[14]
                            (output port)
  Path Group:             (none)
  Path Type:              Max at Slow Process Corner
  Data Path Delay:        9.813ns  (logic 4.157ns (42.364%)  route 5.656ns (57.636%))
  Logic Levels:           2  (LUT2=1 OBUF=1)
  Clock Uncertainty:      0.025ns  ((TSJ^2 + TIJ^2)^1/2 + DJ) / 2 + PE
    Total System Jitter     (TSJ):    0.050ns
    Total Input Jitter      (TIJ):    0.000ns
    Discrete Jitter          (DJ):    0.000ns
    Phase Error              (PE):    0.000ns

    Location             Delay type                Incr(ns)  Path(ns)    Netlist Resource(s)
  -------------------------------------------------------------------    -------------------
                         (clock sys_clk_pin rise edge)
                                                      0.000     0.000 r  
    W5                                                0.000     0.000 r  clk_sys_mhz (IN)
                         net (fo=0)                   0.000     0.000    clk_sys_mhz
    W5                   IBUF (Prop_ibuf_I_O)         1.458     1.458 r  clk_sys_mhz_IBUF_inst/O
                         net (fo=1, routed)           1.967     3.425    clk_sys_mhz_IBUF
    BUFGCTRL_X0Y0        BUFG (Prop_bufg_I_O)         0.096     3.521 r  clk_sys_mhz_IBUF_BUFG_inst/O
                         net (fo=260, routed)         1.556     5.077    QuickWashMachine_Datapath/CLK
    SLICE_X8Y20          FDCE                                         r  QuickWashMachine_Datapath/is_busy_flag_reg/C
  -------------------------------------------------------------------    -------------------
    SLICE_X8Y20          FDCE (Prop_fdce_C_Q)         0.518     5.595 f  QuickWashMachine_Datapath/is_busy_flag_reg/Q
                         net (fo=43, routed)          1.255     6.850    clk_mod_blk/flag_qw
    SLICE_X4Y24          LUT2 (Prop_lut2_I1_O)        0.124     6.974 r  clk_mod_blk/led_OBUF[14]_inst_i_1/O
                         net (fo=3, routed)           4.402    11.375    led_OBUF[12]
    P1                   OBUF (Prop_obuf_I_O)         3.515    14.891 r  led_OBUF[14]_inst/O
                         net (fo=0)                   0.000    14.891    led[14]
    P1                                                                r  led[14] (OUT)
  -------------------------------------------------------------------    -------------------

Slack:                    inf
  Source:                 QuickWashMachine_Datapath/is_busy_flag_reg/C
                            (rising edge-triggered cell FDCE clocked by sys_clk_pin  {rise@0.000ns fall@5.000ns period=10.000ns})
  Destination:            seg[6]
                            (output port)
  Path Group:             (none)
  Path Type:              Max at Slow Process Corner
  Data Path Delay:        9.541ns  (logic 4.407ns (46.193%)  route 5.134ns (53.807%))
  Logic Levels:           2  (LUT4=1 OBUF=1)
  Clock Uncertainty:      0.025ns  ((TSJ^2 + TIJ^2)^1/2 + DJ) / 2 + PE
    Total System Jitter     (TSJ):    0.050ns
    Total Input Jitter      (TIJ):    0.000ns
    Discrete Jitter          (DJ):    0.000ns
    Phase Error              (PE):    0.000ns

    Location             Delay type                Incr(ns)  Path(ns)    Netlist Resource(s)
  -------------------------------------------------------------------    -------------------
                         (clock sys_clk_pin rise edge)
                                                      0.000     0.000 r  
    W5                                                0.000     0.000 r  clk_sys_mhz (IN)
                         net (fo=0)                   0.000     0.000    clk_sys_mhz
    W5                   IBUF (Prop_ibuf_I_O)         1.458     1.458 r  clk_sys_mhz_IBUF_inst/O
                         net (fo=1, routed)           1.967     3.425    clk_sys_mhz_IBUF
    BUFGCTRL_X0Y0        BUFG (Prop_bufg_I_O)         0.096     3.521 r  clk_sys_mhz_IBUF_BUFG_inst/O
                         net (fo=260, routed)         1.556     5.077    QuickWashMachine_Datapath/CLK
    SLICE_X8Y20          FDCE                                         r  QuickWashMachine_Datapath/is_busy_flag_reg/C
  -------------------------------------------------------------------    -------------------
    SLICE_X8Y20          FDCE (Prop_fdce_C_Q)         0.518     5.595 f  QuickWashMachine_Datapath/is_busy_flag_reg/Q
                         net (fo=43, routed)          1.472     7.067    QuickWashMachine_Datapath/flag_qw
    SLICE_X5Y20          LUT4 (Prop_lut4_I0_O)        0.150     7.217 r  QuickWashMachine_Datapath/seg_OBUF[6]_inst_i_1/O
                         net (fo=1, routed)           3.662    10.879    seg_OBUF[6]
    U7                   OBUF (Prop_obuf_I_O)         3.739    14.619 r  seg_OBUF[6]_inst/O
                         net (fo=0)                   0.000    14.619    seg[6]
    U7                                                                r  seg[6] (OUT)
  -------------------------------------------------------------------    -------------------

Slack:                    inf
  Source:                 QuickWashMachine_Datapath/is_busy_flag_reg/C
                            (rising edge-triggered cell FDCE clocked by sys_clk_pin  {rise@0.000ns fall@5.000ns period=10.000ns})
  Destination:            seg[2]
                            (output port)
  Path Group:             (none)
  Path Type:              Max at Slow Process Corner
  Data Path Delay:        9.471ns  (logic 4.410ns (46.564%)  route 5.061ns (53.436%))
  Logic Levels:           2  (LUT4=1 OBUF=1)
  Clock Uncertainty:      0.025ns  ((TSJ^2 + TIJ^2)^1/2 + DJ) / 2 + PE
    Total System Jitter     (TSJ):    0.050ns
    Total Input Jitter      (TIJ):    0.000ns
    Discrete Jitter          (DJ):    0.000ns
    Phase Error              (PE):    0.000ns

    Location             Delay type                Incr(ns)  Path(ns)    Netlist Resource(s)
  -------------------------------------------------------------------    -------------------
                         (clock sys_clk_pin rise edge)
                                                      0.000     0.000 r  
    W5                                                0.000     0.000 r  clk_sys_mhz (IN)
                         net (fo=0)                   0.000     0.000    clk_sys_mhz
    W5                   IBUF (Prop_ibuf_I_O)         1.458     1.458 r  clk_sys_mhz_IBUF_inst/O
                         net (fo=1, routed)           1.967     3.425    clk_sys_mhz_IBUF
    BUFGCTRL_X0Y0        BUFG (Prop_bufg_I_O)         0.096     3.521 r  clk_sys_mhz_IBUF_BUFG_inst/O
                         net (fo=260, routed)         1.556     5.077    QuickWashMachine_Datapath/CLK
    SLICE_X8Y20          FDCE                                         r  QuickWashMachine_Datapath/is_busy_flag_reg/C
  -------------------------------------------------------------------    -------------------
    SLICE_X8Y20          FDCE (Prop_fdce_C_Q)         0.518     5.595 r  QuickWashMachine_Datapath/is_busy_flag_reg/Q
                         net (fo=43, routed)          1.470     7.065    QuickWashMachine_Datapath/flag_qw
    SLICE_X5Y20          LUT4 (Prop_lut4_I0_O)        0.154     7.219 r  QuickWashMachine_Datapath/seg_OBUF[2]_inst_i_1/O
                         net (fo=1, routed)           3.591    10.810    seg_OBUF[2]
    U8                   OBUF (Prop_obuf_I_O)         3.738    14.549 r  seg_OBUF[2]_inst/O
                         net (fo=0)                   0.000    14.549    seg[2]
    U8                                                                r  seg[2] (OUT)
  -------------------------------------------------------------------    -------------------

Slack:                    inf
  Source:                 QuickWashMachine_Datapath/is_busy_flag_reg/C
                            (rising edge-triggered cell FDCE clocked by sys_clk_pin  {rise@0.000ns fall@5.000ns period=10.000ns})
  Destination:            seg[4]
                            (output port)
  Path Group:             (none)
  Path Type:              Max at Slow Process Corner
  Data Path Delay:        9.234ns  (logic 4.162ns (45.073%)  route 5.072ns (54.927%))
  Logic Levels:           2  (LUT4=1 OBUF=1)
  Clock Uncertainty:      0.025ns  ((TSJ^2 + TIJ^2)^1/2 + DJ) / 2 + PE
    Total System Jitter     (TSJ):    0.050ns
    Total Input Jitter      (TIJ):    0.000ns
    Discrete Jitter          (DJ):    0.000ns
    Phase Error              (PE):    0.000ns

    Location             Delay type                Incr(ns)  Path(ns)    Netlist Resource(s)
  -------------------------------------------------------------------    -------------------
                         (clock sys_clk_pin rise edge)
                                                      0.000     0.000 r  
    W5                                                0.000     0.000 r  clk_sys_mhz (IN)
                         net (fo=0)                   0.000     0.000    clk_sys_mhz
    W5                   IBUF (Prop_ibuf_I_O)         1.458     1.458 r  clk_sys_mhz_IBUF_inst/O
                         net (fo=1, routed)           1.967     3.425    clk_sys_mhz_IBUF
    BUFGCTRL_X0Y0        BUFG (Prop_bufg_I_O)         0.096     3.521 r  clk_sys_mhz_IBUF_BUFG_inst/O
                         net (fo=260, routed)         1.556     5.077    QuickWashMachine_Datapath/CLK
    SLICE_X8Y20          FDCE                                         r  QuickWashMachine_Datapath/is_busy_flag_reg/C
  -------------------------------------------------------------------    -------------------
    SLICE_X8Y20          FDCE (Prop_fdce_C_Q)         0.518     5.595 r  QuickWashMachine_Datapath/is_busy_flag_reg/Q
                         net (fo=43, routed)          1.470     7.065    QuickWashMachine_Datapath/flag_qw
    SLICE_X5Y20          LUT4 (Prop_lut4_I0_O)        0.124     7.189 r  QuickWashMachine_Datapath/seg_OBUF[4]_inst_i_1/O
                         net (fo=1, routed)           3.602    10.791    seg_OBUF[4]
    U5                   OBUF (Prop_obuf_I_O)         3.520    14.311 r  seg_OBUF[4]_inst/O
                         net (fo=0)                   0.000    14.311    seg[4]
    U5                                                                r  seg[4] (OUT)
  -------------------------------------------------------------------    -------------------

Slack:                    inf
  Source:                 HeavyWashMachine_Datapath/is_busy_flag_reg/C
                            (rising edge-triggered cell FDCE clocked by sys_clk_pin  {rise@0.000ns fall@5.000ns period=10.000ns})
  Destination:            led[9]
                            (output port)
  Path Group:             (none)
  Path Type:              Max at Slow Process Corner
  Data Path Delay:        9.229ns  (logic 4.324ns (46.856%)  route 4.904ns (53.144%))
  Logic Levels:           2  (LUT2=1 OBUF=1)
  Clock Uncertainty:      0.025ns  ((TSJ^2 + TIJ^2)^1/2 + DJ) / 2 + PE
    Total System Jitter     (TSJ):    0.050ns
    Total Input Jitter      (TIJ):    0.000ns
    Discrete Jitter          (DJ):    0.000ns
    Phase Error              (PE):    0.000ns

    Location             Delay type                Incr(ns)  Path(ns)    Netlist Resource(s)
  -------------------------------------------------------------------    -------------------
                         (clock sys_clk_pin rise edge)
                                                      0.000     0.000 r  
    W5                                                0.000     0.000 r  clk_sys_mhz (IN)
                         net (fo=0)                   0.000     0.000    clk_sys_mhz
    W5                   IBUF (Prop_ibuf_I_O)         1.458     1.458 r  clk_sys_mhz_IBUF_inst/O
                         net (fo=1, routed)           1.967     3.425    clk_sys_mhz_IBUF
    BUFGCTRL_X0Y0        BUFG (Prop_bufg_I_O)         0.096     3.521 r  clk_sys_mhz_IBUF_BUFG_inst/O
                         net (fo=260, routed)         1.552     5.073    HeavyWashMachine_Datapath/CLK
    SLICE_X9Y22          FDCE                                         r  HeavyWashMachine_Datapath/is_busy_flag_reg/C
  -------------------------------------------------------------------    -------------------
    SLICE_X9Y22          FDCE (Prop_fdce_C_Q)         0.456     5.529 f  HeavyWashMachine_Datapath/is_busy_flag_reg/Q
                         net (fo=43, routed)          1.287     6.816    clk_mod_blk/flag_hw
    SLICE_X4Y24          LUT2 (Prop_lut2_I1_O)        0.152     6.968 r  clk_mod_blk/led_OBUF[10]_inst_i_1/O
                         net (fo=3, routed)           3.618    10.586    led_OBUF[8]
    V3                   OBUF (Prop_obuf_I_O)         3.716    14.302 r  led_OBUF[9]_inst/O
                         net (fo=0)                   0.000    14.302    led[9]
    V3                                                                r  led[9] (OUT)
  -------------------------------------------------------------------    -------------------

Slack:                    inf
  Source:                 DryerMachine_Datapath/is_busy_flag_reg/C
                            (rising edge-triggered cell FDCE clocked by sys_clk_pin  {rise@0.000ns fall@5.000ns period=10.000ns})
  Destination:            seg[0]
                            (output port)
  Path Group:             (none)
  Path Type:              Max at Slow Process Corner
  Data Path Delay:        9.077ns  (logic 4.091ns (45.065%)  route 4.987ns (54.935%))
  Logic Levels:           2  (LUT4=1 OBUF=1)
  Clock Uncertainty:      0.025ns  ((TSJ^2 + TIJ^2)^1/2 + DJ) / 2 + PE
    Total System Jitter     (TSJ):    0.050ns
    Total Input Jitter      (TIJ):    0.000ns
    Discrete Jitter          (DJ):    0.000ns
    Phase Error              (PE):    0.000ns

    Location             Delay type                Incr(ns)  Path(ns)    Netlist Resource(s)
  -------------------------------------------------------------------    -------------------
                         (clock sys_clk_pin rise edge)
                                                      0.000     0.000 r  
    W5                                                0.000     0.000 r  clk_sys_mhz (IN)
                         net (fo=0)                   0.000     0.000    clk_sys_mhz
    W5                   IBUF (Prop_ibuf_I_O)         1.458     1.458 r  clk_sys_mhz_IBUF_inst/O
                         net (fo=1, routed)           1.967     3.425    clk_sys_mhz_IBUF
    BUFGCTRL_X0Y0        BUFG (Prop_bufg_I_O)         0.096     3.521 r  clk_sys_mhz_IBUF_BUFG_inst/O
                         net (fo=260, routed)         1.625     5.146    DryerMachine_Datapath/CLK
    SLICE_X0Y20          FDCE                                         r  DryerMachine_Datapath/is_busy_flag_reg/C
  -------------------------------------------------------------------    -------------------
    SLICE_X0Y20          FDCE (Prop_fdce_C_Q)         0.456     5.602 r  DryerMachine_Datapath/is_busy_flag_reg/Q
                         net (fo=43, routed)          1.242     6.844    DelicateWashMachine_Datapath/flag_dr
    SLICE_X4Y22          LUT4 (Prop_lut4_I2_O)        0.124     6.968 r  DelicateWashMachine_Datapath/seg_OBUF[3]_inst_i_1/O
                         net (fo=2, routed)           3.745    10.713    seg_OBUF[0]
    W7                   OBUF (Prop_obuf_I_O)         3.511    14.224 r  seg_OBUF[0]_inst/O
                         net (fo=0)                   0.000    14.224    seg[0]
    W7                                                                r  seg[0] (OUT)
  -------------------------------------------------------------------    -------------------

Slack:                    inf
  Source:                 HeavyWashMachine_Datapath/is_busy_flag_reg/C
                            (rising edge-triggered cell FDCE clocked by sys_clk_pin  {rise@0.000ns fall@5.000ns period=10.000ns})
  Destination:            led[10]
                            (output port)
  Path Group:             (none)
  Path Type:              Max at Slow Process Corner
  Data Path Delay:        8.917ns  (logic 4.341ns (48.684%)  route 4.576ns (51.316%))
  Logic Levels:           2  (LUT2=1 OBUF=1)
  Clock Uncertainty:      0.025ns  ((TSJ^2 + TIJ^2)^1/2 + DJ) / 2 + PE
    Total System Jitter     (TSJ):    0.050ns
    Total Input Jitter      (TIJ):    0.000ns
    Discrete Jitter          (DJ):    0.000ns
    Phase Error              (PE):    0.000ns

    Location             Delay type                Incr(ns)  Path(ns)    Netlist Resource(s)
  -------------------------------------------------------------------    -------------------
                         (clock sys_clk_pin rise edge)
                                                      0.000     0.000 r  
    W5                                                0.000     0.000 r  clk_sys_mhz (IN)
                         net (fo=0)                   0.000     0.000    clk_sys_mhz
    W5                   IBUF (Prop_ibuf_I_O)         1.458     1.458 r  clk_sys_mhz_IBUF_inst/O
                         net (fo=1, routed)           1.967     3.425    clk_sys_mhz_IBUF
    BUFGCTRL_X0Y0        BUFG (Prop_bufg_I_O)         0.096     3.521 r  clk_sys_mhz_IBUF_BUFG_inst/O
                         net (fo=260, routed)         1.552     5.073    HeavyWashMachine_Datapath/CLK
    SLICE_X9Y22          FDCE                                         r  HeavyWashMachine_Datapath/is_busy_flag_reg/C
  -------------------------------------------------------------------    -------------------
    SLICE_X9Y22          FDCE (Prop_fdce_C_Q)         0.456     5.529 f  HeavyWashMachine_Datapath/is_busy_flag_reg/Q
                         net (fo=43, routed)          1.287     6.816    clk_mod_blk/flag_hw
    SLICE_X4Y24          LUT2 (Prop_lut2_I1_O)        0.152     6.968 r  clk_mod_blk/led_OBUF[10]_inst_i_1/O
                         net (fo=3, routed)           3.290    10.257    led_OBUF[8]
    W3                   OBUF (Prop_obuf_I_O)         3.733    13.991 r  led_OBUF[10]_inst/O
                         net (fo=0)                   0.000    13.991    led[10]
    W3                                                                r  led[10] (OUT)
  -------------------------------------------------------------------    -------------------

Slack:                    inf
  Source:                 DryerMachine_Datapath/is_busy_flag_reg/C
                            (rising edge-triggered cell FDCE clocked by sys_clk_pin  {rise@0.000ns fall@5.000ns period=10.000ns})
  Destination:            seg[3]
                            (output port)
  Path Group:             (none)
  Path Type:              Max at Slow Process Corner
  Data Path Delay:        8.819ns  (logic 4.116ns (46.667%)  route 4.703ns (53.333%))
  Logic Levels:           2  (LUT4=1 OBUF=1)
  Clock Uncertainty:      0.025ns  ((TSJ^2 + TIJ^2)^1/2 + DJ) / 2 + PE
    Total System Jitter     (TSJ):    0.050ns
    Total Input Jitter      (TIJ):    0.000ns
    Discrete Jitter          (DJ):    0.000ns
    Phase Error              (PE):    0.000ns

    Location             Delay type                Incr(ns)  Path(ns)    Netlist Resource(s)
  -------------------------------------------------------------------    -------------------
                         (clock sys_clk_pin rise edge)
                                                      0.000     0.000 r  
    W5                                                0.000     0.000 r  clk_sys_mhz (IN)
                         net (fo=0)                   0.000     0.000    clk_sys_mhz
    W5                   IBUF (Prop_ibuf_I_O)         1.458     1.458 r  clk_sys_mhz_IBUF_inst/O
                         net (fo=1, routed)           1.967     3.425    clk_sys_mhz_IBUF
    BUFGCTRL_X0Y0        BUFG (Prop_bufg_I_O)         0.096     3.521 r  clk_sys_mhz_IBUF_BUFG_inst/O
                         net (fo=260, routed)         1.625     5.146    DryerMachine_Datapath/CLK
    SLICE_X0Y20          FDCE                                         r  DryerMachine_Datapath/is_busy_flag_reg/C
  -------------------------------------------------------------------    -------------------
    SLICE_X0Y20          FDCE (Prop_fdce_C_Q)         0.456     5.602 r  DryerMachine_Datapath/is_busy_flag_reg/Q
                         net (fo=43, routed)          1.242     6.844    DelicateWashMachine_Datapath/flag_dr
    SLICE_X4Y22          LUT4 (Prop_lut4_I2_O)        0.124     6.968 r  DelicateWashMachine_Datapath/seg_OBUF[3]_inst_i_1/O
                         net (fo=2, routed)           3.462    10.430    seg_OBUF[0]
    V8                   OBUF (Prop_obuf_I_O)         3.536    13.965 r  seg_OBUF[3]_inst/O
                         net (fo=0)                   0.000    13.965    seg[3]
    V8                                                                r  seg[3] (OUT)
  -------------------------------------------------------------------    -------------------





Min Delay Paths
--------------------------------------------------------------------------------------
Slack:                    inf
  Source:                 clk_mod_blk/blink_led_sig_reg/C
                            (rising edge-triggered cell FDCE clocked by sys_clk_pin  {rise@0.000ns fall@5.000ns period=10.000ns})
  Destination:            led[2]
                            (output port)
  Path Group:             (none)
  Path Type:              Min at Fast Process Corner
  Data Path Delay:        2.121ns  (logic 1.388ns (65.438%)  route 0.733ns (34.562%))
  Logic Levels:           2  (LUT2=1 OBUF=1)
  Clock Uncertainty:      0.025ns  ((TSJ^2 + TIJ^2)^1/2 + DJ) / 2 + PE
    Total System Jitter     (TSJ):    0.050ns
    Total Input Jitter      (TIJ):    0.000ns
    Discrete Jitter          (DJ):    0.000ns
    Phase Error              (PE):    0.000ns

    Location             Delay type                Incr(ns)  Path(ns)    Netlist Resource(s)
  -------------------------------------------------------------------    -------------------
                         (clock sys_clk_pin rise edge)
                                                      0.000     0.000 r  
    W5                                                0.000     0.000 r  clk_sys_mhz (IN)
                         net (fo=0)                   0.000     0.000    clk_sys_mhz
    W5                   IBUF (Prop_ibuf_I_O)         0.226     0.226 r  clk_sys_mhz_IBUF_inst/O
                         net (fo=1, routed)           0.631     0.858    clk_sys_mhz_IBUF
    BUFGCTRL_X0Y0        BUFG (Prop_bufg_I_O)         0.026     0.884 r  clk_sys_mhz_IBUF_BUFG_inst/O
                         net (fo=260, routed)         0.580     1.463    clk_mod_blk/CLK
    SLICE_X4Y24          FDCE                                         r  clk_mod_blk/blink_led_sig_reg/C
  -------------------------------------------------------------------    -------------------
    SLICE_X4Y24          FDCE (Prop_fdce_C_Q)         0.141     1.604 r  clk_mod_blk/blink_led_sig_reg/Q
                         net (fo=5, routed)           0.309     1.913    clk_mod_blk/blink_led_sig
    SLICE_X4Y22          LUT2 (Prop_lut2_I0_O)        0.045     1.958 r  clk_mod_blk/led_OBUF[2]_inst_i_1/O
                         net (fo=3, routed)           0.424     2.382    led_OBUF[0]
    U19                  OBUF (Prop_obuf_I_O)         1.202     3.584 r  led_OBUF[2]_inst/O
                         net (fo=0)                   0.000     3.584    led[2]
    U19                                                               r  led[2] (OUT)
  -------------------------------------------------------------------    -------------------

Slack:                    inf
  Source:                 clk_mod_blk/blink_led_sig_reg/C
                            (rising edge-triggered cell FDCE clocked by sys_clk_pin  {rise@0.000ns fall@5.000ns period=10.000ns})
  Destination:            led[4]
                            (output port)
  Path Group:             (none)
  Path Type:              Min at Fast Process Corner
  Data Path Delay:        2.189ns  (logic 1.462ns (66.781%)  route 0.727ns (33.219%))
  Logic Levels:           2  (LUT2=1 OBUF=1)
  Clock Uncertainty:      0.025ns  ((TSJ^2 + TIJ^2)^1/2 + DJ) / 2 + PE
    Total System Jitter     (TSJ):    0.050ns
    Total Input Jitter      (TIJ):    0.000ns
    Discrete Jitter          (DJ):    0.000ns
    Phase Error              (PE):    0.000ns

    Location             Delay type                Incr(ns)  Path(ns)    Netlist Resource(s)
  -------------------------------------------------------------------    -------------------
                         (clock sys_clk_pin rise edge)
                                                      0.000     0.000 r  
    W5                                                0.000     0.000 r  clk_sys_mhz (IN)
                         net (fo=0)                   0.000     0.000    clk_sys_mhz
    W5                   IBUF (Prop_ibuf_I_O)         0.226     0.226 r  clk_sys_mhz_IBUF_inst/O
                         net (fo=1, routed)           0.631     0.858    clk_sys_mhz_IBUF
    BUFGCTRL_X0Y0        BUFG (Prop_bufg_I_O)         0.026     0.884 r  clk_sys_mhz_IBUF_BUFG_inst/O
                         net (fo=260, routed)         0.580     1.463    clk_mod_blk/CLK
    SLICE_X4Y24          FDCE                                         r  clk_mod_blk/blink_led_sig_reg/C
  -------------------------------------------------------------------    -------------------
    SLICE_X4Y24          FDCE (Prop_fdce_C_Q)         0.141     1.604 r  clk_mod_blk/blink_led_sig_reg/Q
                         net (fo=5, routed)           0.309     1.913    clk_mod_blk/blink_led_sig
    SLICE_X4Y22          LUT2 (Prop_lut2_I0_O)        0.044     1.957 r  clk_mod_blk/led_OBUF[6]_inst_i_1/O
                         net (fo=3, routed)           0.418     2.375    led_OBUF[4]
    W18                  OBUF (Prop_obuf_I_O)         1.277     3.652 r  led_OBUF[4]_inst/O
                         net (fo=0)                   0.000     3.652    led[4]
    W18                                                               r  led[4] (OUT)
  -------------------------------------------------------------------    -------------------

Slack:                    inf
  Source:                 clk_mod_blk/blink_led_sig_reg/C
                            (rising edge-triggered cell FDCE clocked by sys_clk_pin  {rise@0.000ns fall@5.000ns period=10.000ns})
  Destination:            led[8]
                            (output port)
  Path Group:             (none)
  Path Type:              Min at Fast Process Corner
  Data Path Delay:        2.348ns  (logic 1.456ns (62.014%)  route 0.892ns (37.986%))
  Logic Levels:           2  (LUT2=1 OBUF=1)
  Clock Uncertainty:      0.025ns  ((TSJ^2 + TIJ^2)^1/2 + DJ) / 2 + PE
    Total System Jitter     (TSJ):    0.050ns
    Total Input Jitter      (TIJ):    0.000ns
    Discrete Jitter          (DJ):    0.000ns
    Phase Error              (PE):    0.000ns

    Location             Delay type                Incr(ns)  Path(ns)    Netlist Resource(s)
  -------------------------------------------------------------------    -------------------
                         (clock sys_clk_pin rise edge)
                                                      0.000     0.000 r  
    W5                                                0.000     0.000 r  clk_sys_mhz (IN)
                         net (fo=0)                   0.000     0.000    clk_sys_mhz
    W5                   IBUF (Prop_ibuf_I_O)         0.226     0.226 r  clk_sys_mhz_IBUF_inst/O
                         net (fo=1, routed)           0.631     0.858    clk_sys_mhz_IBUF
    BUFGCTRL_X0Y0        BUFG (Prop_bufg_I_O)         0.026     0.884 r  clk_sys_mhz_IBUF_BUFG_inst/O
                         net (fo=260, routed)         0.580     1.463    clk_mod_blk/CLK
    SLICE_X4Y24          FDCE                                         r  clk_mod_blk/blink_led_sig_reg/C
  -------------------------------------------------------------------    -------------------
    SLICE_X4Y24          FDCE (Prop_fdce_C_Q)         0.141     1.604 r  clk_mod_blk/blink_led_sig_reg/Q
                         net (fo=5, routed)           0.185     1.789    clk_mod_blk/blink_led_sig
    SLICE_X4Y24          LUT2 (Prop_lut2_I0_O)        0.043     1.832 r  clk_mod_blk/led_OBUF[10]_inst_i_1/O
                         net (fo=3, routed)           0.707     2.539    led_OBUF[8]
    V13                  OBUF (Prop_obuf_I_O)         1.272     3.811 r  led_OBUF[8]_inst/O
                         net (fo=0)                   0.000     3.811    led[8]
    V13                                                               r  led[8] (OUT)
  -------------------------------------------------------------------    -------------------

Slack:                    inf
  Source:                 clk_mod_blk/blink_led_sig_reg/C
                            (rising edge-triggered cell FDCE clocked by sys_clk_pin  {rise@0.000ns fall@5.000ns period=10.000ns})
  Destination:            led[0]
                            (output port)
  Path Group:             (none)
  Path Type:              Min at Fast Process Corner
  Data Path Delay:        2.388ns  (logic 1.392ns (58.295%)  route 0.996ns (41.705%))
  Logic Levels:           2  (LUT2=1 OBUF=1)
  Clock Uncertainty:      0.025ns  ((TSJ^2 + TIJ^2)^1/2 + DJ) / 2 + PE
    Total System Jitter     (TSJ):    0.050ns
    Total Input Jitter      (TIJ):    0.000ns
    Discrete Jitter          (DJ):    0.000ns
    Phase Error              (PE):    0.000ns

    Location             Delay type                Incr(ns)  Path(ns)    Netlist Resource(s)
  -------------------------------------------------------------------    -------------------
                         (clock sys_clk_pin rise edge)
                                                      0.000     0.000 r  
    W5                                                0.000     0.000 r  clk_sys_mhz (IN)
                         net (fo=0)                   0.000     0.000    clk_sys_mhz
    W5                   IBUF (Prop_ibuf_I_O)         0.226     0.226 r  clk_sys_mhz_IBUF_inst/O
                         net (fo=1, routed)           0.631     0.858    clk_sys_mhz_IBUF
    BUFGCTRL_X0Y0        BUFG (Prop_bufg_I_O)         0.026     0.884 r  clk_sys_mhz_IBUF_BUFG_inst/O
                         net (fo=260, routed)         0.580     1.463    clk_mod_blk/CLK
    SLICE_X4Y24          FDCE                                         r  clk_mod_blk/blink_led_sig_reg/C
  -------------------------------------------------------------------    -------------------
    SLICE_X4Y24          FDCE (Prop_fdce_C_Q)         0.141     1.604 r  clk_mod_blk/blink_led_sig_reg/Q
                         net (fo=5, routed)           0.309     1.913    clk_mod_blk/blink_led_sig
    SLICE_X4Y22          LUT2 (Prop_lut2_I0_O)        0.045     1.958 r  clk_mod_blk/led_OBUF[2]_inst_i_1/O
                         net (fo=3, routed)           0.687     2.645    led_OBUF[0]
    U16                  OBUF (Prop_obuf_I_O)         1.206     3.851 r  led_OBUF[0]_inst/O
                         net (fo=0)                   0.000     3.851    led[0]
    U16                                                               r  led[0] (OUT)
  -------------------------------------------------------------------    -------------------

Slack:                    inf
  Source:                 clk_mod_blk/blink_led_sig_reg/C
                            (rising edge-triggered cell FDCE clocked by sys_clk_pin  {rise@0.000ns fall@5.000ns period=10.000ns})
  Destination:            led[5]
                            (output port)
  Path Group:             (none)
  Path Type:              Min at Fast Process Corner
  Data Path Delay:        2.433ns  (logic 1.468ns (60.307%)  route 0.966ns (39.693%))
  Logic Levels:           2  (LUT2=1 OBUF=1)
  Clock Uncertainty:      0.025ns  ((TSJ^2 + TIJ^2)^1/2 + DJ) / 2 + PE
    Total System Jitter     (TSJ):    0.050ns
    Total Input Jitter      (TIJ):    0.000ns
    Discrete Jitter          (DJ):    0.000ns
    Phase Error              (PE):    0.000ns

    Location             Delay type                Incr(ns)  Path(ns)    Netlist Resource(s)
  -------------------------------------------------------------------    -------------------
                         (clock sys_clk_pin rise edge)
                                                      0.000     0.000 r  
    W5                                                0.000     0.000 r  clk_sys_mhz (IN)
                         net (fo=0)                   0.000     0.000    clk_sys_mhz
    W5                   IBUF (Prop_ibuf_I_O)         0.226     0.226 r  clk_sys_mhz_IBUF_inst/O
                         net (fo=1, routed)           0.631     0.858    clk_sys_mhz_IBUF
    BUFGCTRL_X0Y0        BUFG (Prop_bufg_I_O)         0.026     0.884 r  clk_sys_mhz_IBUF_BUFG_inst/O
                         net (fo=260, routed)         0.580     1.463    clk_mod_blk/CLK
    SLICE_X4Y24          FDCE                                         r  clk_mod_blk/blink_led_sig_reg/C
  -------------------------------------------------------------------    -------------------
    SLICE_X4Y24          FDCE (Prop_fdce_C_Q)         0.141     1.604 r  clk_mod_blk/blink_led_sig_reg/Q
                         net (fo=5, routed)           0.309     1.913    clk_mod_blk/blink_led_sig
    SLICE_X4Y22          LUT2 (Prop_lut2_I0_O)        0.044     1.957 r  clk_mod_blk/led_OBUF[6]_inst_i_1/O
                         net (fo=3, routed)           0.657     2.614    led_OBUF[4]
    U15                  OBUF (Prop_obuf_I_O)         1.283     3.897 r  led_OBUF[5]_inst/O
                         net (fo=0)                   0.000     3.897    led[5]
    U15                                                               r  led[5] (OUT)
  -------------------------------------------------------------------    -------------------

Slack:                    inf
  Source:                 clk_mod_blk/blink_led_sig_reg/C
                            (rising edge-triggered cell FDCE clocked by sys_clk_pin  {rise@0.000ns fall@5.000ns period=10.000ns})
  Destination:            led[1]
                            (output port)
  Path Group:             (none)
  Path Type:              Min at Fast Process Corner
  Data Path Delay:        2.486ns  (logic 1.417ns (56.982%)  route 1.069ns (43.018%))
  Logic Levels:           2  (LUT2=1 OBUF=1)
  Clock Uncertainty:      0.025ns  ((TSJ^2 + TIJ^2)^1/2 + DJ) / 2 + PE
    Total System Jitter     (TSJ):    0.050ns
    Total Input Jitter      (TIJ):    0.000ns
    Discrete Jitter          (DJ):    0.000ns
    Phase Error              (PE):    0.000ns

    Location             Delay type                Incr(ns)  Path(ns)    Netlist Resource(s)
  -------------------------------------------------------------------    -------------------
                         (clock sys_clk_pin rise edge)
                                                      0.000     0.000 r  
    W5                                                0.000     0.000 r  clk_sys_mhz (IN)
                         net (fo=0)                   0.000     0.000    clk_sys_mhz
    W5                   IBUF (Prop_ibuf_I_O)         0.226     0.226 r  clk_sys_mhz_IBUF_inst/O
                         net (fo=1, routed)           0.631     0.858    clk_sys_mhz_IBUF
    BUFGCTRL_X0Y0        BUFG (Prop_bufg_I_O)         0.026     0.884 r  clk_sys_mhz_IBUF_BUFG_inst/O
                         net (fo=260, routed)         0.580     1.463    clk_mod_blk/CLK
    SLICE_X4Y24          FDCE                                         r  clk_mod_blk/blink_led_sig_reg/C
  -------------------------------------------------------------------    -------------------
    SLICE_X4Y24          FDCE (Prop_fdce_C_Q)         0.141     1.604 r  clk_mod_blk/blink_led_sig_reg/Q
                         net (fo=5, routed)           0.309     1.913    clk_mod_blk/blink_led_sig
    SLICE_X4Y22          LUT2 (Prop_lut2_I0_O)        0.045     1.958 r  clk_mod_blk/led_OBUF[2]_inst_i_1/O
                         net (fo=3, routed)           0.760     2.719    led_OBUF[0]
    E19                  OBUF (Prop_obuf_I_O)         1.231     3.949 r  led_OBUF[1]_inst/O
                         net (fo=0)                   0.000     3.949    led[1]
    E19                                                               r  led[1] (OUT)
  -------------------------------------------------------------------    -------------------

Slack:                    inf
  Source:                 clk_mod_blk/blink_led_sig_reg/C
                            (rising edge-triggered cell FDCE clocked by sys_clk_pin  {rise@0.000ns fall@5.000ns period=10.000ns})
  Destination:            led[6]
                            (output port)
  Path Group:             (none)
  Path Type:              Min at Fast Process Corner
  Data Path Delay:        2.545ns  (logic 1.459ns (57.350%)  route 1.085ns (42.650%))
  Logic Levels:           2  (LUT2=1 OBUF=1)
  Clock Uncertainty:      0.025ns  ((TSJ^2 + TIJ^2)^1/2 + DJ) / 2 + PE
    Total System Jitter     (TSJ):    0.050ns
    Total Input Jitter      (TIJ):    0.000ns
    Discrete Jitter          (DJ):    0.000ns
    Phase Error              (PE):    0.000ns

    Location             Delay type                Incr(ns)  Path(ns)    Netlist Resource(s)
  -------------------------------------------------------------------    -------------------
                         (clock sys_clk_pin rise edge)
                                                      0.000     0.000 r  
    W5                                                0.000     0.000 r  clk_sys_mhz (IN)
                         net (fo=0)                   0.000     0.000    clk_sys_mhz
    W5                   IBUF (Prop_ibuf_I_O)         0.226     0.226 r  clk_sys_mhz_IBUF_inst/O
                         net (fo=1, routed)           0.631     0.858    clk_sys_mhz_IBUF
    BUFGCTRL_X0Y0        BUFG (Prop_bufg_I_O)         0.026     0.884 r  clk_sys_mhz_IBUF_BUFG_inst/O
                         net (fo=260, routed)         0.580     1.463    clk_mod_blk/CLK
    SLICE_X4Y24          FDCE                                         r  clk_mod_blk/blink_led_sig_reg/C
  -------------------------------------------------------------------    -------------------
    SLICE_X4Y24          FDCE (Prop_fdce_C_Q)         0.141     1.604 r  clk_mod_blk/blink_led_sig_reg/Q
                         net (fo=5, routed)           0.309     1.913    clk_mod_blk/blink_led_sig
    SLICE_X4Y22          LUT2 (Prop_lut2_I0_O)        0.044     1.957 r  clk_mod_blk/led_OBUF[6]_inst_i_1/O
                         net (fo=3, routed)           0.776     2.733    led_OBUF[4]
    U14                  OBUF (Prop_obuf_I_O)         1.274     4.008 r  led_OBUF[6]_inst/O
                         net (fo=0)                   0.000     4.008    led[6]
    U14                                                               r  led[6] (OUT)
  -------------------------------------------------------------------    -------------------

Slack:                    inf
  Source:                 DelicateWashMachine_Datapath/is_busy_flag_reg/C
                            (rising edge-triggered cell FDCE clocked by sys_clk_pin  {rise@0.000ns fall@5.000ns period=10.000ns})
  Destination:            seg[5]
                            (output port)
  Path Group:             (none)
  Path Type:              Min at Fast Process Corner
  Data Path Delay:        2.689ns  (logic 1.392ns (51.750%)  route 1.297ns (48.250%))
  Logic Levels:           2  (LUT4=1 OBUF=1)
  Clock Uncertainty:      0.025ns  ((TSJ^2 + TIJ^2)^1/2 + DJ) / 2 + PE
    Total System Jitter     (TSJ):    0.050ns
    Total Input Jitter      (TIJ):    0.000ns
    Discrete Jitter          (DJ):    0.000ns
    Phase Error              (PE):    0.000ns

    Location             Delay type                Incr(ns)  Path(ns)    Netlist Resource(s)
  -------------------------------------------------------------------    -------------------
                         (clock sys_clk_pin rise edge)
                                                      0.000     0.000 r  
    W5                                                0.000     0.000 r  clk_sys_mhz (IN)
                         net (fo=0)                   0.000     0.000    clk_sys_mhz
    W5                   IBUF (Prop_ibuf_I_O)         0.226     0.226 r  clk_sys_mhz_IBUF_inst/O
                         net (fo=1, routed)           0.631     0.858    clk_sys_mhz_IBUF
    BUFGCTRL_X0Y0        BUFG (Prop_bufg_I_O)         0.026     0.884 r  clk_sys_mhz_IBUF_BUFG_inst/O
                         net (fo=260, routed)         0.583     1.466    DelicateWashMachine_Datapath/CLK
    SLICE_X3Y23          FDCE                                         r  DelicateWashMachine_Datapath/is_busy_flag_reg/C
  -------------------------------------------------------------------    -------------------
    SLICE_X3Y23          FDCE (Prop_fdce_C_Q)         0.141     1.607 r  DelicateWashMachine_Datapath/is_busy_flag_reg/Q
                         net (fo=43, routed)          0.332     1.939    QuickWashMachine_Datapath/flag_dw
    SLICE_X5Y20          LUT4 (Prop_lut4_I3_O)        0.045     1.984 r  QuickWashMachine_Datapath/seg_OBUF[5]_inst_i_1/O
                         net (fo=1, routed)           0.966     2.950    seg_OBUF[5]
    V5                   OBUF (Prop_obuf_I_O)         1.206     4.155 r  seg_OBUF[5]_inst/O
                         net (fo=0)                   0.000     4.155    seg[5]
    V5                                                                r  seg[5] (OUT)
  -------------------------------------------------------------------    -------------------

Slack:                    inf
  Source:                 clk_mod_blk/blink_led_sig_reg/C
                            (rising edge-triggered cell FDCE clocked by sys_clk_pin  {rise@0.000ns fall@5.000ns period=10.000ns})
  Destination:            led[10]
                            (output port)
  Path Group:             (none)
  Path Type:              Min at Fast Process Corner
  Data Path Delay:        2.786ns  (logic 1.477ns (53.029%)  route 1.309ns (46.971%))
  Logic Levels:           2  (LUT2=1 OBUF=1)
  Clock Uncertainty:      0.025ns  ((TSJ^2 + TIJ^2)^1/2 + DJ) / 2 + PE
    Total System Jitter     (TSJ):    0.050ns
    Total Input Jitter      (TIJ):    0.000ns
    Discrete Jitter          (DJ):    0.000ns
    Phase Error              (PE):    0.000ns

    Location             Delay type                Incr(ns)  Path(ns)    Netlist Resource(s)
  -------------------------------------------------------------------    -------------------
                         (clock sys_clk_pin rise edge)
                                                      0.000     0.000 r  
    W5                                                0.000     0.000 r  clk_sys_mhz (IN)
                         net (fo=0)                   0.000     0.000    clk_sys_mhz
    W5                   IBUF (Prop_ibuf_I_O)         0.226     0.226 r  clk_sys_mhz_IBUF_inst/O
                         net (fo=1, routed)           0.631     0.858    clk_sys_mhz_IBUF
    BUFGCTRL_X0Y0        BUFG (Prop_bufg_I_O)         0.026     0.884 r  clk_sys_mhz_IBUF_BUFG_inst/O
                         net (fo=260, routed)         0.580     1.463    clk_mod_blk/CLK
    SLICE_X4Y24          FDCE                                         r  clk_mod_blk/blink_led_sig_reg/C
  -------------------------------------------------------------------    -------------------
    SLICE_X4Y24          FDCE (Prop_fdce_C_Q)         0.141     1.604 r  clk_mod_blk/blink_led_sig_reg/Q
                         net (fo=5, routed)           0.185     1.789    clk_mod_blk/blink_led_sig
    SLICE_X4Y24          LUT2 (Prop_lut2_I0_O)        0.043     1.832 r  clk_mod_blk/led_OBUF[10]_inst_i_1/O
                         net (fo=3, routed)           1.124     2.956    led_OBUF[8]
    W3                   OBUF (Prop_obuf_I_O)         1.293     4.249 r  led_OBUF[10]_inst/O
                         net (fo=0)                   0.000     4.249    led[10]
    W3                                                                r  led[10] (OUT)
  -------------------------------------------------------------------    -------------------

Slack:                    inf
  Source:                 clk_mod_blk/blink_led_sig_reg/C
                            (rising edge-triggered cell FDCE clocked by sys_clk_pin  {rise@0.000ns fall@5.000ns period=10.000ns})
  Destination:            led[9]
                            (output port)
  Path Group:             (none)
  Path Type:              Min at Fast Process Corner
  Data Path Delay:        2.882ns  (logic 1.460ns (50.666%)  route 1.422ns (49.334%))
  Logic Levels:           2  (LUT2=1 OBUF=1)
  Clock Uncertainty:      0.025ns  ((TSJ^2 + TIJ^2)^1/2 + DJ) / 2 + PE
    Total System Jitter     (TSJ):    0.050ns
    Total Input Jitter      (TIJ):    0.000ns
    Discrete Jitter          (DJ):    0.000ns
    Phase Error              (PE):    0.000ns

    Location             Delay type                Incr(ns)  Path(ns)    Netlist Resource(s)
  -------------------------------------------------------------------    -------------------
                         (clock sys_clk_pin rise edge)
                                                      0.000     0.000 r  
    W5                                                0.000     0.000 r  clk_sys_mhz (IN)
                         net (fo=0)                   0.000     0.000    clk_sys_mhz
    W5                   IBUF (Prop_ibuf_I_O)         0.226     0.226 r  clk_sys_mhz_IBUF_inst/O
                         net (fo=1, routed)           0.631     0.858    clk_sys_mhz_IBUF
    BUFGCTRL_X0Y0        BUFG (Prop_bufg_I_O)         0.026     0.884 r  clk_sys_mhz_IBUF_BUFG_inst/O
                         net (fo=260, routed)         0.580     1.463    clk_mod_blk/CLK
    SLICE_X4Y24          FDCE                                         r  clk_mod_blk/blink_led_sig_reg/C
  -------------------------------------------------------------------    -------------------
    SLICE_X4Y24          FDCE (Prop_fdce_C_Q)         0.141     1.604 r  clk_mod_blk/blink_led_sig_reg/Q
                         net (fo=5, routed)           0.185     1.789    clk_mod_blk/blink_led_sig
    SLICE_X4Y24          LUT2 (Prop_lut2_I0_O)        0.043     1.832 r  clk_mod_blk/led_OBUF[10]_inst_i_1/O
                         net (fo=3, routed)           1.237     3.069    led_OBUF[8]
    V3                   OBUF (Prop_obuf_I_O)         1.276     4.345 r  led_OBUF[9]_inst/O
                         net (fo=0)                   0.000     4.345    led[9]
    V3                                                                r  led[9] (OUT)
  -------------------------------------------------------------------    -------------------





--------------------------------------------------------------------------------------
Path Group:  (none)
From Clock:  
  To Clock:  sys_clk_pin

Max Delay           260 Endpoints
Min Delay           260 Endpoints
--------------------------------------------------------------------------------------


Max Delay Paths
--------------------------------------------------------------------------------------
Slack:                    inf
  Source:                 rstt_sys_n
                            (input port)
  Destination:            HeavyWashMachine_Datapath/sec_scaler_reg[11]/CLR
                            (recovery check against rising-edge clock sys_clk_pin  {rise@0.000ns fall@5.000ns period=10.000ns})
  Path Group:             (none)
  Path Type:              Recovery (Max at Slow Process Corner)
  Data Path Delay:        6.032ns  (logic 1.441ns (23.894%)  route 4.591ns (76.106%))
  Logic Levels:           1  (IBUF=1)
  Clock Path Skew:        4.775ns (DCD - SCD + CPR)
    Destination Clock Delay (DCD):    4.775ns
    Source Clock Delay      (SCD):    0.000ns
    Clock Pessimism Removal (CPR):    0.000ns
  Clock Uncertainty:      0.025ns  ((TSJ^2 + TIJ^2)^1/2 + DJ) / 2 + PE
    Total System Jitter     (TSJ):    0.050ns
    Total Input Jitter      (TIJ):    0.000ns
    Discrete Jitter          (DJ):    0.000ns
    Phase Error              (PE):    0.000ns

    Location             Delay type                Incr(ns)  Path(ns)    Netlist Resource(s)
  -------------------------------------------------------------------    -------------------
    U18                                               0.000     0.000 f  rstt_sys_n (IN)
                         net (fo=0)                   0.000     0.000    rstt_sys_n
    U18                  IBUF (Prop_ibuf_I_O)         1.441     1.441 f  rstt_sys_n_IBUF_inst/O
                         net (fo=172, routed)         4.591     6.032    HeavyWashMachine_Datapath/AR[0]
    SLICE_X11Y24         FDCE                                         f  HeavyWashMachine_Datapath/sec_scaler_reg[11]/CLR
  -------------------------------------------------------------------    -------------------

                         (clock sys_clk_pin rise edge)
                                                      0.000     0.000 r  
    W5                                                0.000     0.000 r  clk_sys_mhz (IN)
                         net (fo=0)                   0.000     0.000    clk_sys_mhz
    W5                   IBUF (Prop_ibuf_I_O)         1.388     1.388 r  clk_sys_mhz_IBUF_inst/O
                         net (fo=1, routed)           1.862     3.250    clk_sys_mhz_IBUF
    BUFGCTRL_X0Y0        BUFG (Prop_bufg_I_O)         0.091     3.341 r  clk_sys_mhz_IBUF_BUFG_inst/O
                         net (fo=260, routed)         1.434     4.775    HeavyWashMachine_Datapath/CLK
    SLICE_X11Y24         FDCE                                         r  HeavyWashMachine_Datapath/sec_scaler_reg[11]/C

Slack:                    inf
  Source:                 rstt_sys_n
                            (input port)
  Destination:            HeavyWashMachine_Datapath/sec_scaler_reg[12]/CLR
                            (recovery check against rising-edge clock sys_clk_pin  {rise@0.000ns fall@5.000ns period=10.000ns})
  Path Group:             (none)
  Path Type:              Recovery (Max at Slow Process Corner)
  Data Path Delay:        6.032ns  (logic 1.441ns (23.894%)  route 4.591ns (76.106%))
  Logic Levels:           1  (IBUF=1)
  Clock Path Skew:        4.775ns (DCD - SCD + CPR)
    Destination Clock Delay (DCD):    4.775ns
    Source Clock Delay      (SCD):    0.000ns
    Clock Pessimism Removal (CPR):    0.000ns
  Clock Uncertainty:      0.025ns  ((TSJ^2 + TIJ^2)^1/2 + DJ) / 2 + PE
    Total System Jitter     (TSJ):    0.050ns
    Total Input Jitter      (TIJ):    0.000ns
    Discrete Jitter          (DJ):    0.000ns
    Phase Error              (PE):    0.000ns

    Location             Delay type                Incr(ns)  Path(ns)    Netlist Resource(s)
  -------------------------------------------------------------------    -------------------
    U18                                               0.000     0.000 f  rstt_sys_n (IN)
                         net (fo=0)                   0.000     0.000    rstt_sys_n
    U18                  IBUF (Prop_ibuf_I_O)         1.441     1.441 f  rstt_sys_n_IBUF_inst/O
                         net (fo=172, routed)         4.591     6.032    HeavyWashMachine_Datapath/AR[0]
    SLICE_X11Y24         FDCE                                         f  HeavyWashMachine_Datapath/sec_scaler_reg[12]/CLR
  -------------------------------------------------------------------    -------------------

                         (clock sys_clk_pin rise edge)
                                                      0.000     0.000 r  
    W5                                                0.000     0.000 r  clk_sys_mhz (IN)
                         net (fo=0)                   0.000     0.000    clk_sys_mhz
    W5                   IBUF (Prop_ibuf_I_O)         1.388     1.388 r  clk_sys_mhz_IBUF_inst/O
                         net (fo=1, routed)           1.862     3.250    clk_sys_mhz_IBUF
    BUFGCTRL_X0Y0        BUFG (Prop_bufg_I_O)         0.091     3.341 r  clk_sys_mhz_IBUF_BUFG_inst/O
                         net (fo=260, routed)         1.434     4.775    HeavyWashMachine_Datapath/CLK
    SLICE_X11Y24         FDCE                                         r  HeavyWashMachine_Datapath/sec_scaler_reg[12]/C

Slack:                    inf
  Source:                 rstt_sys_n
                            (input port)
  Destination:            HeavyWashMachine_Datapath/sec_scaler_reg[14]/CLR
                            (recovery check against rising-edge clock sys_clk_pin  {rise@0.000ns fall@5.000ns period=10.000ns})
  Path Group:             (none)
  Path Type:              Recovery (Max at Slow Process Corner)
  Data Path Delay:        6.032ns  (logic 1.441ns (23.894%)  route 4.591ns (76.106%))
  Logic Levels:           1  (IBUF=1)
  Clock Path Skew:        4.775ns (DCD - SCD + CPR)
    Destination Clock Delay (DCD):    4.775ns
    Source Clock Delay      (SCD):    0.000ns
    Clock Pessimism Removal (CPR):    0.000ns
  Clock Uncertainty:      0.025ns  ((TSJ^2 + TIJ^2)^1/2 + DJ) / 2 + PE
    Total System Jitter     (TSJ):    0.050ns
    Total Input Jitter      (TIJ):    0.000ns
    Discrete Jitter          (DJ):    0.000ns
    Phase Error              (PE):    0.000ns

    Location             Delay type                Incr(ns)  Path(ns)    Netlist Resource(s)
  -------------------------------------------------------------------    -------------------
    U18                                               0.000     0.000 f  rstt_sys_n (IN)
                         net (fo=0)                   0.000     0.000    rstt_sys_n
    U18                  IBUF (Prop_ibuf_I_O)         1.441     1.441 f  rstt_sys_n_IBUF_inst/O
                         net (fo=172, routed)         4.591     6.032    HeavyWashMachine_Datapath/AR[0]
    SLICE_X11Y24         FDCE                                         f  HeavyWashMachine_Datapath/sec_scaler_reg[14]/CLR
  -------------------------------------------------------------------    -------------------

                         (clock sys_clk_pin rise edge)
                                                      0.000     0.000 r  
    W5                                                0.000     0.000 r  clk_sys_mhz (IN)
                         net (fo=0)                   0.000     0.000    clk_sys_mhz
    W5                   IBUF (Prop_ibuf_I_O)         1.388     1.388 r  clk_sys_mhz_IBUF_inst/O
                         net (fo=1, routed)           1.862     3.250    clk_sys_mhz_IBUF
    BUFGCTRL_X0Y0        BUFG (Prop_bufg_I_O)         0.091     3.341 r  clk_sys_mhz_IBUF_BUFG_inst/O
                         net (fo=260, routed)         1.434     4.775    HeavyWashMachine_Datapath/CLK
    SLICE_X11Y24         FDCE                                         r  HeavyWashMachine_Datapath/sec_scaler_reg[14]/C

Slack:                    inf
  Source:                 rstt_sys_n
                            (input port)
  Destination:            HeavyWashMachine_Datapath/sec_scaler_reg[13]/CLR
                            (recovery check against rising-edge clock sys_clk_pin  {rise@0.000ns fall@5.000ns period=10.000ns})
  Path Group:             (none)
  Path Type:              Recovery (Max at Slow Process Corner)
  Data Path Delay:        5.932ns  (logic 1.441ns (24.298%)  route 4.490ns (75.702%))
  Logic Levels:           1  (IBUF=1)
  Clock Path Skew:        4.775ns (DCD - SCD + CPR)
    Destination Clock Delay (DCD):    4.775ns
    Source Clock Delay      (SCD):    0.000ns
    Clock Pessimism Removal (CPR):    0.000ns
  Clock Uncertainty:      0.025ns  ((TSJ^2 + TIJ^2)^1/2 + DJ) / 2 + PE
    Total System Jitter     (TSJ):    0.050ns
    Total Input Jitter      (TIJ):    0.000ns
    Discrete Jitter          (DJ):    0.000ns
    Phase Error              (PE):    0.000ns

    Location             Delay type                Incr(ns)  Path(ns)    Netlist Resource(s)
  -------------------------------------------------------------------    -------------------
    U18                                               0.000     0.000 f  rstt_sys_n (IN)
                         net (fo=0)                   0.000     0.000    rstt_sys_n
    U18                  IBUF (Prop_ibuf_I_O)         1.441     1.441 f  rstt_sys_n_IBUF_inst/O
                         net (fo=172, routed)         4.490     5.932    HeavyWashMachine_Datapath/AR[0]
    SLICE_X11Y25         FDCE                                         f  HeavyWashMachine_Datapath/sec_scaler_reg[13]/CLR
  -------------------------------------------------------------------    -------------------

                         (clock sys_clk_pin rise edge)
                                                      0.000     0.000 r  
    W5                                                0.000     0.000 r  clk_sys_mhz (IN)
                         net (fo=0)                   0.000     0.000    clk_sys_mhz
    W5                   IBUF (Prop_ibuf_I_O)         1.388     1.388 r  clk_sys_mhz_IBUF_inst/O
                         net (fo=1, routed)           1.862     3.250    clk_sys_mhz_IBUF
    BUFGCTRL_X0Y0        BUFG (Prop_bufg_I_O)         0.091     3.341 r  clk_sys_mhz_IBUF_BUFG_inst/O
                         net (fo=260, routed)         1.434     4.775    HeavyWashMachine_Datapath/CLK
    SLICE_X11Y25         FDCE                                         r  HeavyWashMachine_Datapath/sec_scaler_reg[13]/C

Slack:                    inf
  Source:                 rstt_sys_n
                            (input port)
  Destination:            HeavyWashMachine_Datapath/sec_scaler_reg[16]/CLR
                            (recovery check against rising-edge clock sys_clk_pin  {rise@0.000ns fall@5.000ns period=10.000ns})
  Path Group:             (none)
  Path Type:              Recovery (Max at Slow Process Corner)
  Data Path Delay:        5.932ns  (logic 1.441ns (24.298%)  route 4.490ns (75.702%))
  Logic Levels:           1  (IBUF=1)
  Clock Path Skew:        4.775ns (DCD - SCD + CPR)
    Destination Clock Delay (DCD):    4.775ns
    Source Clock Delay      (SCD):    0.000ns
    Clock Pessimism Removal (CPR):    0.000ns
  Clock Uncertainty:      0.025ns  ((TSJ^2 + TIJ^2)^1/2 + DJ) / 2 + PE
    Total System Jitter     (TSJ):    0.050ns
    Total Input Jitter      (TIJ):    0.000ns
    Discrete Jitter          (DJ):    0.000ns
    Phase Error              (PE):    0.000ns

    Location             Delay type                Incr(ns)  Path(ns)    Netlist Resource(s)
  -------------------------------------------------------------------    -------------------
    U18                                               0.000     0.000 f  rstt_sys_n (IN)
                         net (fo=0)                   0.000     0.000    rstt_sys_n
    U18                  IBUF (Prop_ibuf_I_O)         1.441     1.441 f  rstt_sys_n_IBUF_inst/O
                         net (fo=172, routed)         4.490     5.932    HeavyWashMachine_Datapath/AR[0]
    SLICE_X11Y25         FDCE                                         f  HeavyWashMachine_Datapath/sec_scaler_reg[16]/CLR
  -------------------------------------------------------------------    -------------------

                         (clock sys_clk_pin rise edge)
                                                      0.000     0.000 r  
    W5                                                0.000     0.000 r  clk_sys_mhz (IN)
                         net (fo=0)                   0.000     0.000    clk_sys_mhz
    W5                   IBUF (Prop_ibuf_I_O)         1.388     1.388 r  clk_sys_mhz_IBUF_inst/O
                         net (fo=1, routed)           1.862     3.250    clk_sys_mhz_IBUF
    BUFGCTRL_X0Y0        BUFG (Prop_bufg_I_O)         0.091     3.341 r  clk_sys_mhz_IBUF_BUFG_inst/O
                         net (fo=260, routed)         1.434     4.775    HeavyWashMachine_Datapath/CLK
    SLICE_X11Y25         FDCE                                         r  HeavyWashMachine_Datapath/sec_scaler_reg[16]/C

Slack:                    inf
  Source:                 rstt_sys_n
                            (input port)
  Destination:            HeavyWashMachine_Datapath/sec_scaler_reg[17]/CLR
                            (recovery check against rising-edge clock sys_clk_pin  {rise@0.000ns fall@5.000ns period=10.000ns})
  Path Group:             (none)
  Path Type:              Recovery (Max at Slow Process Corner)
  Data Path Delay:        5.932ns  (logic 1.441ns (24.298%)  route 4.490ns (75.702%))
  Logic Levels:           1  (IBUF=1)
  Clock Path Skew:        4.775ns (DCD - SCD + CPR)
    Destination Clock Delay (DCD):    4.775ns
    Source Clock Delay      (SCD):    0.000ns
    Clock Pessimism Removal (CPR):    0.000ns
  Clock Uncertainty:      0.025ns  ((TSJ^2 + TIJ^2)^1/2 + DJ) / 2 + PE
    Total System Jitter     (TSJ):    0.050ns
    Total Input Jitter      (TIJ):    0.000ns
    Discrete Jitter          (DJ):    0.000ns
    Phase Error              (PE):    0.000ns

    Location             Delay type                Incr(ns)  Path(ns)    Netlist Resource(s)
  -------------------------------------------------------------------    -------------------
    U18                                               0.000     0.000 f  rstt_sys_n (IN)
                         net (fo=0)                   0.000     0.000    rstt_sys_n
    U18                  IBUF (Prop_ibuf_I_O)         1.441     1.441 f  rstt_sys_n_IBUF_inst/O
                         net (fo=172, routed)         4.490     5.932    HeavyWashMachine_Datapath/AR[0]
    SLICE_X11Y25         FDCE                                         f  HeavyWashMachine_Datapath/sec_scaler_reg[17]/CLR
  -------------------------------------------------------------------    -------------------

                         (clock sys_clk_pin rise edge)
                                                      0.000     0.000 r  
    W5                                                0.000     0.000 r  clk_sys_mhz (IN)
                         net (fo=0)                   0.000     0.000    clk_sys_mhz
    W5                   IBUF (Prop_ibuf_I_O)         1.388     1.388 r  clk_sys_mhz_IBUF_inst/O
                         net (fo=1, routed)           1.862     3.250    clk_sys_mhz_IBUF
    BUFGCTRL_X0Y0        BUFG (Prop_bufg_I_O)         0.091     3.341 r  clk_sys_mhz_IBUF_BUFG_inst/O
                         net (fo=260, routed)         1.434     4.775    HeavyWashMachine_Datapath/CLK
    SLICE_X11Y25         FDCE                                         r  HeavyWashMachine_Datapath/sec_scaler_reg[17]/C

Slack:                    inf
  Source:                 rstt_sys_n
                            (input port)
  Destination:            HeavyWashMachine_Datapath/sec_scaler_reg[18]/CLR
                            (recovery check against rising-edge clock sys_clk_pin  {rise@0.000ns fall@5.000ns period=10.000ns})
  Path Group:             (none)
  Path Type:              Recovery (Max at Slow Process Corner)
  Data Path Delay:        5.932ns  (logic 1.441ns (24.298%)  route 4.490ns (75.702%))
  Logic Levels:           1  (IBUF=1)
  Clock Path Skew:        4.775ns (DCD - SCD + CPR)
    Destination Clock Delay (DCD):    4.775ns
    Source Clock Delay      (SCD):    0.000ns
    Clock Pessimism Removal (CPR):    0.000ns
  Clock Uncertainty:      0.025ns  ((TSJ^2 + TIJ^2)^1/2 + DJ) / 2 + PE
    Total System Jitter     (TSJ):    0.050ns
    Total Input Jitter      (TIJ):    0.000ns
    Discrete Jitter          (DJ):    0.000ns
    Phase Error              (PE):    0.000ns

    Location             Delay type                Incr(ns)  Path(ns)    Netlist Resource(s)
  -------------------------------------------------------------------    -------------------
    U18                                               0.000     0.000 f  rstt_sys_n (IN)
                         net (fo=0)                   0.000     0.000    rstt_sys_n
    U18                  IBUF (Prop_ibuf_I_O)         1.441     1.441 f  rstt_sys_n_IBUF_inst/O
                         net (fo=172, routed)         4.490     5.932    HeavyWashMachine_Datapath/AR[0]
    SLICE_X11Y25         FDCE                                         f  HeavyWashMachine_Datapath/sec_scaler_reg[18]/CLR
  -------------------------------------------------------------------    -------------------

                         (clock sys_clk_pin rise edge)
                                                      0.000     0.000 r  
    W5                                                0.000     0.000 r  clk_sys_mhz (IN)
                         net (fo=0)                   0.000     0.000    clk_sys_mhz
    W5                   IBUF (Prop_ibuf_I_O)         1.388     1.388 r  clk_sys_mhz_IBUF_inst/O
                         net (fo=1, routed)           1.862     3.250    clk_sys_mhz_IBUF
    BUFGCTRL_X0Y0        BUFG (Prop_bufg_I_O)         0.091     3.341 r  clk_sys_mhz_IBUF_BUFG_inst/O
                         net (fo=260, routed)         1.434     4.775    HeavyWashMachine_Datapath/CLK
    SLICE_X11Y25         FDCE                                         r  HeavyWashMachine_Datapath/sec_scaler_reg[18]/C

Slack:                    inf
  Source:                 rstt_sys_n
                            (input port)
  Destination:            HeavyWashMachine_Datapath/sec_scaler_reg[10]/CLR
                            (recovery check against rising-edge clock sys_clk_pin  {rise@0.000ns fall@5.000ns period=10.000ns})
  Path Group:             (none)
  Path Type:              Recovery (Max at Slow Process Corner)
  Data Path Delay:        5.759ns  (logic 1.441ns (25.028%)  route 4.318ns (74.972%))
  Logic Levels:           1  (IBUF=1)
  Clock Path Skew:        4.777ns (DCD - SCD + CPR)
    Destination Clock Delay (DCD):    4.777ns
    Source Clock Delay      (SCD):    0.000ns
    Clock Pessimism Removal (CPR):    0.000ns
  Clock Uncertainty:      0.025ns  ((TSJ^2 + TIJ^2)^1/2 + DJ) / 2 + PE
    Total System Jitter     (TSJ):    0.050ns
    Total Input Jitter      (TIJ):    0.000ns
    Discrete Jitter          (DJ):    0.000ns
    Phase Error              (PE):    0.000ns

    Location             Delay type                Incr(ns)  Path(ns)    Netlist Resource(s)
  -------------------------------------------------------------------    -------------------
    U18                                               0.000     0.000 f  rstt_sys_n (IN)
                         net (fo=0)                   0.000     0.000    rstt_sys_n
    U18                  IBUF (Prop_ibuf_I_O)         1.441     1.441 f  rstt_sys_n_IBUF_inst/O
                         net (fo=172, routed)         4.318     5.759    HeavyWashMachine_Datapath/AR[0]
    SLICE_X11Y23         FDCE                                         f  HeavyWashMachine_Datapath/sec_scaler_reg[10]/CLR
  -------------------------------------------------------------------    -------------------

                         (clock sys_clk_pin rise edge)
                                                      0.000     0.000 r  
    W5                                                0.000     0.000 r  clk_sys_mhz (IN)
                         net (fo=0)                   0.000     0.000    clk_sys_mhz
    W5                   IBUF (Prop_ibuf_I_O)         1.388     1.388 r  clk_sys_mhz_IBUF_inst/O
                         net (fo=1, routed)           1.862     3.250    clk_sys_mhz_IBUF
    BUFGCTRL_X0Y0        BUFG (Prop_bufg_I_O)         0.091     3.341 r  clk_sys_mhz_IBUF_BUFG_inst/O
                         net (fo=260, routed)         1.436     4.777    HeavyWashMachine_Datapath/CLK
    SLICE_X11Y23         FDCE                                         r  HeavyWashMachine_Datapath/sec_scaler_reg[10]/C

Slack:                    inf
  Source:                 rstt_sys_n
                            (input port)
  Destination:            HeavyWashMachine_Datapath/sec_scaler_reg[5]/CLR
                            (recovery check against rising-edge clock sys_clk_pin  {rise@0.000ns fall@5.000ns period=10.000ns})
  Path Group:             (none)
  Path Type:              Recovery (Max at Slow Process Corner)
  Data Path Delay:        5.759ns  (logic 1.441ns (25.028%)  route 4.318ns (74.972%))
  Logic Levels:           1  (IBUF=1)
  Clock Path Skew:        4.777ns (DCD - SCD + CPR)
    Destination Clock Delay (DCD):    4.777ns
    Source Clock Delay      (SCD):    0.000ns
    Clock Pessimism Removal (CPR):    0.000ns
  Clock Uncertainty:      0.025ns  ((TSJ^2 + TIJ^2)^1/2 + DJ) / 2 + PE
    Total System Jitter     (TSJ):    0.050ns
    Total Input Jitter      (TIJ):    0.000ns
    Discrete Jitter          (DJ):    0.000ns
    Phase Error              (PE):    0.000ns

    Location             Delay type                Incr(ns)  Path(ns)    Netlist Resource(s)
  -------------------------------------------------------------------    -------------------
    U18                                               0.000     0.000 f  rstt_sys_n (IN)
                         net (fo=0)                   0.000     0.000    rstt_sys_n
    U18                  IBUF (Prop_ibuf_I_O)         1.441     1.441 f  rstt_sys_n_IBUF_inst/O
                         net (fo=172, routed)         4.318     5.759    HeavyWashMachine_Datapath/AR[0]
    SLICE_X11Y23         FDCE                                         f  HeavyWashMachine_Datapath/sec_scaler_reg[5]/CLR
  -------------------------------------------------------------------    -------------------

                         (clock sys_clk_pin rise edge)
                                                      0.000     0.000 r  
    W5                                                0.000     0.000 r  clk_sys_mhz (IN)
                         net (fo=0)                   0.000     0.000    clk_sys_mhz
    W5                   IBUF (Prop_ibuf_I_O)         1.388     1.388 r  clk_sys_mhz_IBUF_inst/O
                         net (fo=1, routed)           1.862     3.250    clk_sys_mhz_IBUF
    BUFGCTRL_X0Y0        BUFG (Prop_bufg_I_O)         0.091     3.341 r  clk_sys_mhz_IBUF_BUFG_inst/O
                         net (fo=260, routed)         1.436     4.777    HeavyWashMachine_Datapath/CLK
    SLICE_X11Y23         FDCE                                         r  HeavyWashMachine_Datapath/sec_scaler_reg[5]/C

Slack:                    inf
  Source:                 rstt_sys_n
                            (input port)
  Destination:            HeavyWashMachine_Datapath/sec_scaler_reg[9]/CLR
                            (recovery check against rising-edge clock sys_clk_pin  {rise@0.000ns fall@5.000ns period=10.000ns})
  Path Group:             (none)
  Path Type:              Recovery (Max at Slow Process Corner)
  Data Path Delay:        5.759ns  (logic 1.441ns (25.028%)  route 4.318ns (74.972%))
  Logic Levels:           1  (IBUF=1)
  Clock Path Skew:        4.777ns (DCD - SCD + CPR)
    Destination Clock Delay (DCD):    4.777ns
    Source Clock Delay      (SCD):    0.000ns
    Clock Pessimism Removal (CPR):    0.000ns
  Clock Uncertainty:      0.025ns  ((TSJ^2 + TIJ^2)^1/2 + DJ) / 2 + PE
    Total System Jitter     (TSJ):    0.050ns
    Total Input Jitter      (TIJ):    0.000ns
    Discrete Jitter          (DJ):    0.000ns
    Phase Error              (PE):    0.000ns

    Location             Delay type                Incr(ns)  Path(ns)    Netlist Resource(s)
  -------------------------------------------------------------------    -------------------
    U18                                               0.000     0.000 f  rstt_sys_n (IN)
                         net (fo=0)                   0.000     0.000    rstt_sys_n
    U18                  IBUF (Prop_ibuf_I_O)         1.441     1.441 f  rstt_sys_n_IBUF_inst/O
                         net (fo=172, routed)         4.318     5.759    HeavyWashMachine_Datapath/AR[0]
    SLICE_X11Y23         FDCE                                         f  HeavyWashMachine_Datapath/sec_scaler_reg[9]/CLR
  -------------------------------------------------------------------    -------------------

                         (clock sys_clk_pin rise edge)
                                                      0.000     0.000 r  
    W5                                                0.000     0.000 r  clk_sys_mhz (IN)
                         net (fo=0)                   0.000     0.000    clk_sys_mhz
    W5                   IBUF (Prop_ibuf_I_O)         1.388     1.388 r  clk_sys_mhz_IBUF_inst/O
                         net (fo=1, routed)           1.862     3.250    clk_sys_mhz_IBUF
    BUFGCTRL_X0Y0        BUFG (Prop_bufg_I_O)         0.091     3.341 r  clk_sys_mhz_IBUF_BUFG_inst/O
                         net (fo=260, routed)         1.436     4.777    HeavyWashMachine_Datapath/CLK
    SLICE_X11Y23         FDCE                                         r  HeavyWashMachine_Datapath/sec_scaler_reg[9]/C





Min Delay Paths
--------------------------------------------------------------------------------------
Slack:                    inf
  Source:                 buttonFirst
                            (input port)
  Destination:            btn_filter_blk/filter_qw/current_st_reg/D
                            (rising edge-triggered cell FDRE clocked by sys_clk_pin  {rise@0.000ns fall@5.000ns period=10.000ns})
  Path Group:             (none)
  Path Type:              Hold (Min at Fast Process Corner)
  Data Path Delay:        0.628ns  (logic 0.219ns (34.959%)  route 0.408ns (65.041%))
  Logic Levels:           1  (IBUF=1)
  Clock Path Skew:        1.983ns (DCD - SCD - CPR)
    Destination Clock Delay (DCD):    1.983ns
    Source Clock Delay      (SCD):    0.000ns
    Clock Pessimism Removal (CPR):    -0.000ns

    Location             Delay type                Incr(ns)  Path(ns)    Netlist Resource(s)
  -------------------------------------------------------------------    -------------------
    W19                                               0.000     0.000 r  buttonFirst (IN)
                         net (fo=0)                   0.000     0.000    buttonFirst
    W19                  IBUF (Prop_ibuf_I_O)         0.219     0.219 r  buttonFirst_IBUF_inst/O
                         net (fo=3, routed)           0.408     0.628    btn_filter_blk/filter_qw/buttonFirst_IBUF
    SLICE_X6Y17          FDRE                                         r  btn_filter_blk/filter_qw/current_st_reg/D
  -------------------------------------------------------------------    -------------------

                         (clock sys_clk_pin rise edge)
                                                      0.000     0.000 r  
    W5                                                0.000     0.000 r  clk_sys_mhz (IN)
                         net (fo=0)                   0.000     0.000    clk_sys_mhz
    W5                   IBUF (Prop_ibuf_I_O)         0.414     0.414 r  clk_sys_mhz_IBUF_inst/O
                         net (fo=1, routed)           0.685     1.099    clk_sys_mhz_IBUF
    BUFGCTRL_X0Y0        BUFG (Prop_bufg_I_O)         0.029     1.128 r  clk_sys_mhz_IBUF_BUFG_inst/O
                         net (fo=260, routed)         0.856     1.983    btn_filter_blk/filter_qw/CLK
    SLICE_X6Y17          FDRE                                         r  btn_filter_blk/filter_qw/current_st_reg/C

Slack:                    inf
  Source:                 buttonThird
                            (input port)
  Destination:            btn_filter_blk/filter_dr/current_st_reg/D
                            (rising edge-triggered cell FDRE clocked by sys_clk_pin  {rise@0.000ns fall@5.000ns period=10.000ns})
  Path Group:             (none)
  Path Type:              Hold (Min at Fast Process Corner)
  Data Path Delay:        0.644ns  (logic 0.219ns (34.036%)  route 0.425ns (65.964%))
  Logic Levels:           1  (IBUF=1)
  Clock Path Skew:        1.982ns (DCD - SCD - CPR)
    Destination Clock Delay (DCD):    1.982ns
    Source Clock Delay      (SCD):    0.000ns
    Clock Pessimism Removal (CPR):    -0.000ns

    Location             Delay type                Incr(ns)  Path(ns)    Netlist Resource(s)
  -------------------------------------------------------------------    -------------------
    T17                                               0.000     0.000 r  buttonThird (IN)
                         net (fo=0)                   0.000     0.000    buttonThird
    T17                  IBUF (Prop_ibuf_I_O)         0.219     0.219 r  buttonThird_IBUF_inst/O
                         net (fo=3, routed)           0.425     0.644    btn_filter_blk/filter_dr/buttonThird_IBUF
    SLICE_X4Y18          FDRE                                         r  btn_filter_blk/filter_dr/current_st_reg/D
  -------------------------------------------------------------------    -------------------

                         (clock sys_clk_pin rise edge)
                                                      0.000     0.000 r  
    W5                                                0.000     0.000 r  clk_sys_mhz (IN)
                         net (fo=0)                   0.000     0.000    clk_sys_mhz
    W5                   IBUF (Prop_ibuf_I_O)         0.414     0.414 r  clk_sys_mhz_IBUF_inst/O
                         net (fo=1, routed)           0.685     1.099    clk_sys_mhz_IBUF
    BUFGCTRL_X0Y0        BUFG (Prop_bufg_I_O)         0.029     1.128 r  clk_sys_mhz_IBUF_BUFG_inst/O
                         net (fo=260, routed)         0.855     1.982    btn_filter_blk/filter_dr/CLK
    SLICE_X4Y18          FDRE                                         r  btn_filter_blk/filter_dr/current_st_reg/C

Slack:                    inf
  Source:                 buttonFourth
                            (input port)
  Destination:            btn_filter_blk/filter_dw/current_st_reg/D
                            (rising edge-triggered cell FDRE clocked by sys_clk_pin  {rise@0.000ns fall@5.000ns period=10.000ns})
  Path Group:             (none)
  Path Type:              Hold (Min at Fast Process Corner)
  Data Path Delay:        0.649ns  (logic 0.221ns (33.973%)  route 0.429ns (66.027%))
  Logic Levels:           1  (IBUF=1)
  Clock Path Skew:        1.984ns (DCD - SCD - CPR)
    Destination Clock Delay (DCD):    1.984ns
    Source Clock Delay      (SCD):    0.000ns
    Clock Pessimism Removal (CPR):    -0.000ns

    Location             Delay type                Incr(ns)  Path(ns)    Netlist Resource(s)
  -------------------------------------------------------------------    -------------------
    U17                                               0.000     0.000 r  buttonFourth (IN)
                         net (fo=0)                   0.000     0.000    buttonFourth
    U17                  IBUF (Prop_ibuf_I_O)         0.221     0.221 r  buttonFourth_IBUF_inst/O
                         net (fo=3, routed)           0.429     0.649    btn_filter_blk/filter_dw/buttonFourth_IBUF
    SLICE_X4Y16          FDRE                                         r  btn_filter_blk/filter_dw/current_st_reg/D
  -------------------------------------------------------------------    -------------------

                         (clock sys_clk_pin rise edge)
                                                      0.000     0.000 r  
    W5                                                0.000     0.000 r  clk_sys_mhz (IN)
                         net (fo=0)                   0.000     0.000    clk_sys_mhz
    W5                   IBUF (Prop_ibuf_I_O)         0.414     0.414 r  clk_sys_mhz_IBUF_inst/O
                         net (fo=1, routed)           0.685     1.099    clk_sys_mhz_IBUF
    BUFGCTRL_X0Y0        BUFG (Prop_bufg_I_O)         0.029     1.128 r  clk_sys_mhz_IBUF_BUFG_inst/O
                         net (fo=260, routed)         0.857     1.984    btn_filter_blk/filter_dw/CLK
    SLICE_X4Y16          FDRE                                         r  btn_filter_blk/filter_dw/current_st_reg/C

Slack:                    inf
  Source:                 rstt_sys_n
                            (input port)
  Destination:            DryerMachine_Datapath/sec_scaler_reg[1]/CLR
                            (removal check against rising-edge clock sys_clk_pin  {rise@0.000ns fall@5.000ns period=10.000ns})
  Path Group:             (none)
  Path Type:              Removal (Min at Fast Process Corner)
  Data Path Delay:        0.670ns  (logic 0.210ns (31.263%)  route 0.461ns (68.737%))
  Logic Levels:           1  (IBUF=1)
  Clock Path Skew:        1.986ns (DCD - SCD - CPR)
    Destination Clock Delay (DCD):    1.986ns
    Source Clock Delay      (SCD):    0.000ns
    Clock Pessimism Removal (CPR):    -0.000ns

    Location             Delay type                Incr(ns)  Path(ns)    Netlist Resource(s)
  -------------------------------------------------------------------    -------------------
    U18                                               0.000     0.000 f  rstt_sys_n (IN)
                         net (fo=0)                   0.000     0.000    rstt_sys_n
    U18                  IBUF (Prop_ibuf_I_O)         0.210     0.210 f  rstt_sys_n_IBUF_inst/O
                         net (fo=172, routed)         0.461     0.670    DryerMachine_Datapath/AR[0]
    SLICE_X0Y16          FDCE                                         f  DryerMachine_Datapath/sec_scaler_reg[1]/CLR
  -------------------------------------------------------------------    -------------------

                         (clock sys_clk_pin rise edge)
                                                      0.000     0.000 r  
    W5                                                0.000     0.000 r  clk_sys_mhz (IN)
                         net (fo=0)                   0.000     0.000    clk_sys_mhz
    W5                   IBUF (Prop_ibuf_I_O)         0.414     0.414 r  clk_sys_mhz_IBUF_inst/O
                         net (fo=1, routed)           0.685     1.099    clk_sys_mhz_IBUF
    BUFGCTRL_X0Y0        BUFG (Prop_bufg_I_O)         0.029     1.128 r  clk_sys_mhz_IBUF_BUFG_inst/O
                         net (fo=260, routed)         0.859     1.986    DryerMachine_Datapath/CLK
    SLICE_X0Y16          FDCE                                         r  DryerMachine_Datapath/sec_scaler_reg[1]/C

Slack:                    inf
  Source:                 rstt_sys_n
                            (input port)
  Destination:            DryerMachine_Datapath/sec_scaler_reg[3]/CLR
                            (removal check against rising-edge clock sys_clk_pin  {rise@0.000ns fall@5.000ns period=10.000ns})
  Path Group:             (none)
  Path Type:              Removal (Min at Fast Process Corner)
  Data Path Delay:        0.670ns  (logic 0.210ns (31.263%)  route 0.461ns (68.737%))
  Logic Levels:           1  (IBUF=1)
  Clock Path Skew:        1.986ns (DCD - SCD - CPR)
    Destination Clock Delay (DCD):    1.986ns
    Source Clock Delay      (SCD):    0.000ns
    Clock Pessimism Removal (CPR):    -0.000ns

    Location             Delay type                Incr(ns)  Path(ns)    Netlist Resource(s)
  -------------------------------------------------------------------    -------------------
    U18                                               0.000     0.000 f  rstt_sys_n (IN)
                         net (fo=0)                   0.000     0.000    rstt_sys_n
    U18                  IBUF (Prop_ibuf_I_O)         0.210     0.210 f  rstt_sys_n_IBUF_inst/O
                         net (fo=172, routed)         0.461     0.670    DryerMachine_Datapath/AR[0]
    SLICE_X0Y16          FDCE                                         f  DryerMachine_Datapath/sec_scaler_reg[3]/CLR
  -------------------------------------------------------------------    -------------------

                         (clock sys_clk_pin rise edge)
                                                      0.000     0.000 r  
    W5                                                0.000     0.000 r  clk_sys_mhz (IN)
                         net (fo=0)                   0.000     0.000    clk_sys_mhz
    W5                   IBUF (Prop_ibuf_I_O)         0.414     0.414 r  clk_sys_mhz_IBUF_inst/O
                         net (fo=1, routed)           0.685     1.099    clk_sys_mhz_IBUF
    BUFGCTRL_X0Y0        BUFG (Prop_bufg_I_O)         0.029     1.128 r  clk_sys_mhz_IBUF_BUFG_inst/O
                         net (fo=260, routed)         0.859     1.986    DryerMachine_Datapath/CLK
    SLICE_X0Y16          FDCE                                         r  DryerMachine_Datapath/sec_scaler_reg[3]/C

Slack:                    inf
  Source:                 rstt_sys_n
                            (input port)
  Destination:            DryerMachine_Datapath/sec_scaler_reg[4]/CLR
                            (removal check against rising-edge clock sys_clk_pin  {rise@0.000ns fall@5.000ns period=10.000ns})
  Path Group:             (none)
  Path Type:              Removal (Min at Fast Process Corner)
  Data Path Delay:        0.670ns  (logic 0.210ns (31.263%)  route 0.461ns (68.737%))
  Logic Levels:           1  (IBUF=1)
  Clock Path Skew:        1.986ns (DCD - SCD - CPR)
    Destination Clock Delay (DCD):    1.986ns
    Source Clock Delay      (SCD):    0.000ns
    Clock Pessimism Removal (CPR):    -0.000ns

    Location             Delay type                Incr(ns)  Path(ns)    Netlist Resource(s)
  -------------------------------------------------------------------    -------------------
    U18                                               0.000     0.000 f  rstt_sys_n (IN)
                         net (fo=0)                   0.000     0.000    rstt_sys_n
    U18                  IBUF (Prop_ibuf_I_O)         0.210     0.210 f  rstt_sys_n_IBUF_inst/O
                         net (fo=172, routed)         0.461     0.670    DryerMachine_Datapath/AR[0]
    SLICE_X0Y16          FDCE                                         f  DryerMachine_Datapath/sec_scaler_reg[4]/CLR
  -------------------------------------------------------------------    -------------------

                         (clock sys_clk_pin rise edge)
                                                      0.000     0.000 r  
    W5                                                0.000     0.000 r  clk_sys_mhz (IN)
                         net (fo=0)                   0.000     0.000    clk_sys_mhz
    W5                   IBUF (Prop_ibuf_I_O)         0.414     0.414 r  clk_sys_mhz_IBUF_inst/O
                         net (fo=1, routed)           0.685     1.099    clk_sys_mhz_IBUF
    BUFGCTRL_X0Y0        BUFG (Prop_bufg_I_O)         0.029     1.128 r  clk_sys_mhz_IBUF_BUFG_inst/O
                         net (fo=260, routed)         0.859     1.986    DryerMachine_Datapath/CLK
    SLICE_X0Y16          FDCE                                         r  DryerMachine_Datapath/sec_scaler_reg[4]/C

Slack:                    inf
  Source:                 buttonSecond
                            (input port)
  Destination:            btn_filter_blk/filter_hw/current_st_reg/D
                            (rising edge-triggered cell FDRE clocked by sys_clk_pin  {rise@0.000ns fall@5.000ns period=10.000ns})
  Path Group:             (none)
  Path Type:              Hold (Min at Fast Process Corner)
  Data Path Delay:        0.713ns  (logic 0.222ns (31.125%)  route 0.491ns (68.875%))
  Logic Levels:           1  (IBUF=1)
  Clock Path Skew:        1.956ns (DCD - SCD - CPR)
    Destination Clock Delay (DCD):    1.956ns
    Source Clock Delay      (SCD):    0.000ns
    Clock Pessimism Removal (CPR):    -0.000ns

    Location             Delay type                Incr(ns)  Path(ns)    Netlist Resource(s)
  -------------------------------------------------------------------    -------------------
    T18                                               0.000     0.000 r  buttonSecond (IN)
                         net (fo=0)                   0.000     0.000    buttonSecond
    T18                  IBUF (Prop_ibuf_I_O)         0.222     0.222 r  buttonSecond_IBUF_inst/O
                         net (fo=3, routed)           0.491     0.713    btn_filter_blk/filter_hw/buttonSecond_IBUF
    SLICE_X8Y16          FDRE                                         r  btn_filter_blk/filter_hw/current_st_reg/D
  -------------------------------------------------------------------    -------------------

                         (clock sys_clk_pin rise edge)
                                                      0.000     0.000 r  
    W5                                                0.000     0.000 r  clk_sys_mhz (IN)
                         net (fo=0)                   0.000     0.000    clk_sys_mhz
    W5                   IBUF (Prop_ibuf_I_O)         0.414     0.414 r  clk_sys_mhz_IBUF_inst/O
                         net (fo=1, routed)           0.685     1.099    clk_sys_mhz_IBUF
    BUFGCTRL_X0Y0        BUFG (Prop_bufg_I_O)         0.029     1.128 r  clk_sys_mhz_IBUF_BUFG_inst/O
                         net (fo=260, routed)         0.829     1.956    btn_filter_blk/filter_hw/CLK
    SLICE_X8Y16          FDRE                                         r  btn_filter_blk/filter_hw/current_st_reg/C

Slack:                    inf
  Source:                 rstt_sys_n
                            (input port)
  Destination:            DryerMachine_Datapath/sec_scaler_reg[6]/CLR
                            (removal check against rising-edge clock sys_clk_pin  {rise@0.000ns fall@5.000ns period=10.000ns})
  Path Group:             (none)
  Path Type:              Removal (Min at Fast Process Corner)
  Data Path Delay:        0.740ns  (logic 0.210ns (28.314%)  route 0.530ns (71.686%))
  Logic Levels:           1  (IBUF=1)
  Clock Path Skew:        1.985ns (DCD - SCD - CPR)
    Destination Clock Delay (DCD):    1.985ns
    Source Clock Delay      (SCD):    0.000ns
    Clock Pessimism Removal (CPR):    -0.000ns

    Location             Delay type                Incr(ns)  Path(ns)    Netlist Resource(s)
  -------------------------------------------------------------------    -------------------
    U18                                               0.000     0.000 f  rstt_sys_n (IN)
                         net (fo=0)                   0.000     0.000    rstt_sys_n
    U18                  IBUF (Prop_ibuf_I_O)         0.210     0.210 f  rstt_sys_n_IBUF_inst/O
                         net (fo=172, routed)         0.530     0.740    DryerMachine_Datapath/AR[0]
    SLICE_X0Y17          FDCE                                         f  DryerMachine_Datapath/sec_scaler_reg[6]/CLR
  -------------------------------------------------------------------    -------------------

                         (clock sys_clk_pin rise edge)
                                                      0.000     0.000 r  
    W5                                                0.000     0.000 r  clk_sys_mhz (IN)
                         net (fo=0)                   0.000     0.000    clk_sys_mhz
    W5                   IBUF (Prop_ibuf_I_O)         0.414     0.414 r  clk_sys_mhz_IBUF_inst/O
                         net (fo=1, routed)           0.685     1.099    clk_sys_mhz_IBUF
    BUFGCTRL_X0Y0        BUFG (Prop_bufg_I_O)         0.029     1.128 r  clk_sys_mhz_IBUF_BUFG_inst/O
                         net (fo=260, routed)         0.858     1.985    DryerMachine_Datapath/CLK
    SLICE_X0Y17          FDCE                                         r  DryerMachine_Datapath/sec_scaler_reg[6]/C

Slack:                    inf
  Source:                 rstt_sys_n
                            (input port)
  Destination:            DryerMachine_Datapath/sec_scaler_reg[7]/CLR
                            (removal check against rising-edge clock sys_clk_pin  {rise@0.000ns fall@5.000ns period=10.000ns})
  Path Group:             (none)
  Path Type:              Removal (Min at Fast Process Corner)
  Data Path Delay:        0.740ns  (logic 0.210ns (28.314%)  route 0.530ns (71.686%))
  Logic Levels:           1  (IBUF=1)
  Clock Path Skew:        1.985ns (DCD - SCD - CPR)
    Destination Clock Delay (DCD):    1.985ns
    Source Clock Delay      (SCD):    0.000ns
    Clock Pessimism Removal (CPR):    -0.000ns

    Location             Delay type                Incr(ns)  Path(ns)    Netlist Resource(s)
  -------------------------------------------------------------------    -------------------
    U18                                               0.000     0.000 f  rstt_sys_n (IN)
                         net (fo=0)                   0.000     0.000    rstt_sys_n
    U18                  IBUF (Prop_ibuf_I_O)         0.210     0.210 f  rstt_sys_n_IBUF_inst/O
                         net (fo=172, routed)         0.530     0.740    DryerMachine_Datapath/AR[0]
    SLICE_X0Y17          FDCE                                         f  DryerMachine_Datapath/sec_scaler_reg[7]/CLR
  -------------------------------------------------------------------    -------------------

                         (clock sys_clk_pin rise edge)
                                                      0.000     0.000 r  
    W5                                                0.000     0.000 r  clk_sys_mhz (IN)
                         net (fo=0)                   0.000     0.000    clk_sys_mhz
    W5                   IBUF (Prop_ibuf_I_O)         0.414     0.414 r  clk_sys_mhz_IBUF_inst/O
                         net (fo=1, routed)           0.685     1.099    clk_sys_mhz_IBUF
    BUFGCTRL_X0Y0        BUFG (Prop_bufg_I_O)         0.029     1.128 r  clk_sys_mhz_IBUF_BUFG_inst/O
                         net (fo=260, routed)         0.858     1.985    DryerMachine_Datapath/CLK
    SLICE_X0Y17          FDCE                                         r  DryerMachine_Datapath/sec_scaler_reg[7]/C

Slack:                    inf
  Source:                 rstt_sys_n
                            (input port)
  Destination:            DryerMachine_Datapath/sec_scaler_reg[8]/CLR
                            (removal check against rising-edge clock sys_clk_pin  {rise@0.000ns fall@5.000ns period=10.000ns})
  Path Group:             (none)
  Path Type:              Removal (Min at Fast Process Corner)
  Data Path Delay:        0.740ns  (logic 0.210ns (28.314%)  route 0.530ns (71.686%))
  Logic Levels:           1  (IBUF=1)
  Clock Path Skew:        1.985ns (DCD - SCD - CPR)
    Destination Clock Delay (DCD):    1.985ns
    Source Clock Delay      (SCD):    0.000ns
    Clock Pessimism Removal (CPR):    -0.000ns

    Location             Delay type                Incr(ns)  Path(ns)    Netlist Resource(s)
  -------------------------------------------------------------------    -------------------
    U18                                               0.000     0.000 f  rstt_sys_n (IN)
                         net (fo=0)                   0.000     0.000    rstt_sys_n
    U18                  IBUF (Prop_ibuf_I_O)         0.210     0.210 f  rstt_sys_n_IBUF_inst/O
                         net (fo=172, routed)         0.530     0.740    DryerMachine_Datapath/AR[0]
    SLICE_X0Y17          FDCE                                         f  DryerMachine_Datapath/sec_scaler_reg[8]/CLR
  -------------------------------------------------------------------    -------------------

                         (clock sys_clk_pin rise edge)
                                                      0.000     0.000 r  
    W5                                                0.000     0.000 r  clk_sys_mhz (IN)
                         net (fo=0)                   0.000     0.000    clk_sys_mhz
    W5                   IBUF (Prop_ibuf_I_O)         0.414     0.414 r  clk_sys_mhz_IBUF_inst/O
                         net (fo=1, routed)           0.685     1.099    clk_sys_mhz_IBUF
    BUFGCTRL_X0Y0        BUFG (Prop_bufg_I_O)         0.029     1.128 r  clk_sys_mhz_IBUF_BUFG_inst/O
                         net (fo=260, routed)         0.858     1.985    DryerMachine_Datapath/CLK
    SLICE_X0Y17          FDCE                                         r  DryerMachine_Datapath/sec_scaler_reg[8]/C





