Copyright 1986-2022 Xilinx, Inc. All Rights Reserved. Copyright 2022-2025 Advanced Micro Devices, Inc. All Rights Reserved.
---------------------------------------------------------------------------------------------------------------------------------------------------------------------------------------------------------------------------------------------------------------------
| Tool Version : Vivado v.2025.2 (win64) Build 6299465 Fri Nov 14 19:35:11 GMT 2025
| Date         : Mon Mar 30 01:23:11 2026
| Host         : LAPTOP-DPIKD9V7 running 64-bit major release  (build 9200)
| Command      : report_timing_summary -max_paths 10 -routable_nets -report_unconstrained -file multi_digit_display_timing_summary_routed.rpt -pb multi_digit_display_timing_summary_routed.pb -rpx multi_digit_display_timing_summary_routed.rpx -warn_on_violation
| Design       : multi_digit_display
| Device       : 7a35t-cpg236
| Speed File   : -1  PRODUCTION 1.23 2018-06-13
| Design State : Routed
---------------------------------------------------------------------------------------------------------------------------------------------------------------------------------------------------------------------------------------------------------------------

Timing Summary Report

------------------------------------------------------------------------------------------------
| Timer Settings
| --------------
------------------------------------------------------------------------------------------------

  Enable Multi Corner Analysis               :  Yes
  Enable Pessimism Removal                   :  Yes
  Pessimism Removal Resolution               :  Nearest Common Node
  Enable Input Delay Default Clock           :  No
  Enable Preset / Clear Arcs                 :  No
  Disable Flight Delays                      :  No
  Ignore I/O Paths                           :  No
  Timing Early Launch at Borrowing Latches   :  No
  Borrow Time for Max Delay Exceptions       :  Yes
  Merge Timing Exceptions                    :  Yes
  Inter-SLR Compensation                     :  Conservative

  Corner  Analyze    Analyze    
  Name    Max Paths  Min Paths  
  ------  ---------  ---------  
  Slow    Yes        Yes        
  Fast    Yes        Yes        


------------------------------------------------------------------------------------------------
| Report Methodology
| ------------------
------------------------------------------------------------------------------------------------

Rule       Severity  Description                    Violations  
---------  --------  -----------------------------  ----------  
TIMING-18  Warning   Missing input or output delay  11          

Note: This report is based on the most recent report_methodology run and may not be up-to-date. Run report_methodology on the current design for the latest report.



check_timing report

Table of Contents
-----------------
1. checking no_clock (0)
2. checking constant_clock (0)
3. checking pulse_width_clock (0)
4. checking unconstrained_internal_endpoints (0)
5. checking no_input_delay (0)
6. checking no_output_delay (11)
7. checking multiple_clock (0)
8. checking generated_clocks (0)
9. checking loops (0)
10. checking partial_input_delay (0)
11. checking partial_output_delay (0)
12. checking latch_loops (0)

1. checking no_clock (0)
------------------------
 There are 0 register/latch pins with no clock.


2. checking constant_clock (0)
------------------------------
 There are 0 register/latch pins with constant_clock.


3. checking pulse_width_clock (0)
---------------------------------
 There are 0 register/latch pins which need pulse_width check


4. checking unconstrained_internal_endpoints (0)
------------------------------------------------
 There are 0 pins that are not constrained for maximum delay.

 There are 0 pins that are not constrained for maximum delay due to constant clock.


5. checking no_input_delay (0)
------------------------------
 There are 0 input ports with no input delay specified.

 There are 0 input ports with no input delay but user has a false path constraint.


6. checking no_output_delay (11)
--------------------------------
 There are 11 ports with no output delay specified. (HIGH)

 There are 0 ports with no output delay but user has a false path constraint

 There are 0 ports with no output delay but with a timing clock defined on it or propagating through it


7. checking multiple_clock (0)
------------------------------
 There are 0 register/latch pins with multiple clocks.


8. checking generated_clocks (0)
--------------------------------
 There are 0 generated clocks that are not connected to a clock source.


9. checking loops (0)
---------------------
 There are 0 combinational loops in the design.


10. checking partial_input_delay (0)
------------------------------------
 There are 0 input ports with partial input delay specified.


11. checking partial_output_delay (0)
-------------------------------------
 There are 0 ports with partial output delay specified.


12. checking latch_loops (0)
----------------------------
 There are 0 combinational latch loops in the design through latch input



------------------------------------------------------------------------------------------------
| Design Timing Summary
| ---------------------
------------------------------------------------------------------------------------------------

    WNS(ns)      TNS(ns)  TNS Failing Endpoints  TNS Total Endpoints      WHS(ns)      THS(ns)  THS Failing Endpoints  THS Total Endpoints     WPWS(ns)     TPWS(ns)  TPWS Failing Endpoints  TPWS Total Endpoints  
    -------      -------  ---------------------  -------------------      -------      -------  ---------------------  -------------------     --------     --------  ----------------------  --------------------  
      7.529        0.000                      0                   20        0.308        0.000                      0                   20        4.500        0.000                       0                    21  


All user specified timing constraints are met.


------------------------------------------------------------------------------------------------
| Clock Summary
| -------------
------------------------------------------------------------------------------------------------

Clock        Waveform(ns)       Period(ns)      Frequency(MHz)
-----        ------------       ----------      --------------
sys_clk_pin  {0.000 5.000}      10.000          100.000         


------------------------------------------------------------------------------------------------
| Intra Clock Table
| -----------------
------------------------------------------------------------------------------------------------

Clock             WNS(ns)      TNS(ns)  TNS Failing Endpoints  TNS Total Endpoints      WHS(ns)      THS(ns)  THS Failing Endpoints  THS Total Endpoints     WPWS(ns)     TPWS(ns)  TPWS Failing Endpoints  TPWS Total Endpoints  
-----             -------      -------  ---------------------  -------------------      -------      -------  ---------------------  -------------------     --------     --------  ----------------------  --------------------  
sys_clk_pin         7.529        0.000                      0                   20        0.308        0.000                      0                   20        4.500        0.000                       0                    21  


------------------------------------------------------------------------------------------------
| Inter Clock Table
| -----------------
------------------------------------------------------------------------------------------------

From Clock    To Clock          WNS(ns)      TNS(ns)  TNS Failing Endpoints  TNS Total Endpoints      WHS(ns)      THS(ns)  THS Failing Endpoints  THS Total Endpoints  
----------    --------          -------      -------  ---------------------  -------------------      -------      -------  ---------------------  -------------------  


------------------------------------------------------------------------------------------------
| Other Path Groups Table
| -----------------------
------------------------------------------------------------------------------------------------

Path Group    From Clock    To Clock          WNS(ns)      TNS(ns)  TNS Failing Endpoints  TNS Total Endpoints      WHS(ns)      THS(ns)  THS Failing Endpoints  THS Total Endpoints  
----------    ----------    --------          -------      -------  ---------------------  -------------------      -------      -------  ---------------------  -------------------  


------------------------------------------------------------------------------------------------
| User Ignored Path Table
| -----------------------
------------------------------------------------------------------------------------------------

Path Group    From Clock    To Clock    
----------    ----------    --------    


------------------------------------------------------------------------------------------------
| Unconstrained Path Table
| ------------------------
------------------------------------------------------------------------------------------------

Path Group    From Clock    To Clock    
----------    ----------    --------    
(none)                                    
(none)        sys_clk_pin                 


------------------------------------------------------------------------------------------------
| Timing Details
| --------------
------------------------------------------------------------------------------------------------


---------------------------------------------------------------------------------------------------
From Clock:  sys_clk_pin
  To Clock:  sys_clk_pin

Setup :            0  Failing Endpoints,  Worst Slack        7.529ns,  Total Violation        0.000ns
Hold  :            0  Failing Endpoints,  Worst Slack        0.308ns,  Total Violation        0.000ns
PW    :            0  Failing Endpoints,  Worst Slack        4.500ns,  Total Violation        0.000ns
---------------------------------------------------------------------------------------------------


Max Delay Paths
--------------------------------------------------------------------------------------
Slack (MET) :             7.529ns  (required time - arrival time)
  Source:                 refresh_counter_reg[2]/C
                            (rising edge-triggered cell FDRE clocked by sys_clk_pin  {rise@0.000ns fall@5.000ns period=10.000ns})
  Destination:            refresh_counter_reg[17]/D
                            (rising edge-triggered cell FDRE clocked by sys_clk_pin  {rise@0.000ns fall@5.000ns period=10.000ns})
  Path Group:             sys_clk_pin
  Path Type:              Setup (Max at Slow Process Corner)
  Requirement:            10.000ns  (sys_clk_pin rise@10.000ns - sys_clk_pin rise@0.000ns)
  Data Path Delay:        2.515ns  (logic 1.696ns (67.423%)  route 0.819ns (32.577%))
  Logic Levels:           5  (CARRY4=5)
  Clock Path Skew:        -0.029ns (DCD - SCD + CPR)
    Destination Clock Delay (DCD):    4.843ns = ( 14.843 - 10.000 ) 
    Source Clock Delay      (SCD):    5.146ns
    Clock Pessimism Removal (CPR):    0.274ns
  Clock Uncertainty:      0.035ns  ((TSJ^2 + TIJ^2)^1/2 + DJ) / 2 + PE
    Total System Jitter     (TSJ):    0.071ns
    Total Input Jitter      (TIJ):    0.000ns
    Discrete Jitter          (DJ):    0.000ns
    Phase Error              (PE):    0.000ns

    Location             Delay type                Incr(ns)  Path(ns)    Netlist Resource(s)
  -------------------------------------------------------------------    -------------------
                         (clock sys_clk_pin rise edge)
                                                      0.000     0.000 r  
    W5                                                0.000     0.000 r  clk (IN)
                         net (fo=0)                   0.000     0.000    clk
    W5                   IBUF (Prop_ibuf_I_O)         1.458     1.458 r  clk_IBUF_inst/O
                         net (fo=1, routed)           1.967     3.425    clk_IBUF
    BUFGCTRL_X0Y0        BUFG (Prop_bufg_I_O)         0.096     3.521 r  clk_IBUF_BUFG_inst/O
                         net (fo=20, routed)          1.625     5.146    clk_IBUF_BUFG
    SLICE_X64Y20         FDRE                                         r  refresh_counter_reg[2]/C
  -------------------------------------------------------------------    -------------------
    SLICE_X64Y20         FDRE (Prop_fdre_C_Q)         0.518     5.664 r  refresh_counter_reg[2]/Q
                         net (fo=1, routed)           0.819     6.484    refresh_counter_reg_n_0_[2]
    SLICE_X64Y20         CARRY4 (Prop_carry4_S[2]_CO[3])
                                                      0.504     6.988 r  refresh_counter_reg[0]_i_1/CO[3]
                         net (fo=1, routed)           0.000     6.988    refresh_counter_reg[0]_i_1_n_0
    SLICE_X64Y21         CARRY4 (Prop_carry4_CI_CO[3])
                                                      0.117     7.105 r  refresh_counter_reg[4]_i_1/CO[3]
                         net (fo=1, routed)           0.000     7.105    refresh_counter_reg[4]_i_1_n_0
    SLICE_X64Y22         CARRY4 (Prop_carry4_CI_CO[3])
                                                      0.117     7.222 r  refresh_counter_reg[8]_i_1/CO[3]
                         net (fo=1, routed)           0.000     7.222    refresh_counter_reg[8]_i_1_n_0
    SLICE_X64Y23         CARRY4 (Prop_carry4_CI_CO[3])
                                                      0.117     7.339 r  refresh_counter_reg[12]_i_1/CO[3]
                         net (fo=1, routed)           0.000     7.339    refresh_counter_reg[12]_i_1_n_0
    SLICE_X64Y24         CARRY4 (Prop_carry4_CI_O[1])
                                                      0.323     7.662 r  refresh_counter_reg[16]_i_1/O[1]
                         net (fo=1, routed)           0.000     7.662    refresh_counter_reg[16]_i_1_n_6
    SLICE_X64Y24         FDRE                                         r  refresh_counter_reg[17]/D
  -------------------------------------------------------------------    -------------------

                         (clock sys_clk_pin rise edge)
                                                     10.000    10.000 r  
    W5                                                0.000    10.000 r  clk (IN)
                         net (fo=0)                   0.000    10.000    clk
    W5                   IBUF (Prop_ibuf_I_O)         1.388    11.388 r  clk_IBUF_inst/O
                         net (fo=1, routed)           1.862    13.250    clk_IBUF
    BUFGCTRL_X0Y0        BUFG (Prop_bufg_I_O)         0.091    13.341 r  clk_IBUF_BUFG_inst/O
                         net (fo=20, routed)          1.502    14.843    clk_IBUF_BUFG
    SLICE_X64Y24         FDRE                                         r  refresh_counter_reg[17]/C
                         clock pessimism              0.274    15.117    
                         clock uncertainty           -0.035    15.082    
    SLICE_X64Y24         FDRE (Setup_fdre_C_D)        0.109    15.191    refresh_counter_reg[17]
  -------------------------------------------------------------------
                         required time                         15.191    
                         arrival time                          -7.662    
  -------------------------------------------------------------------
                         slack                                  7.529    

Slack (MET) :             7.537ns  (required time - arrival time)
  Source:                 refresh_counter_reg[2]/C
                            (rising edge-triggered cell FDRE clocked by sys_clk_pin  {rise@0.000ns fall@5.000ns period=10.000ns})
  Destination:            refresh_counter_reg[19]/D
                            (rising edge-triggered cell FDRE clocked by sys_clk_pin  {rise@0.000ns fall@5.000ns period=10.000ns})
  Path Group:             sys_clk_pin
  Path Type:              Setup (Max at Slow Process Corner)
  Requirement:            10.000ns  (sys_clk_pin rise@10.000ns - sys_clk_pin rise@0.000ns)
  Data Path Delay:        2.507ns  (logic 1.688ns (67.319%)  route 0.819ns (32.681%))
  Logic Levels:           5  (CARRY4=5)
  Clock Path Skew:        -0.029ns (DCD - SCD + CPR)
    Destination Clock Delay (DCD):    4.843ns = ( 14.843 - 10.000 ) 
    Source Clock Delay      (SCD):    5.146ns
    Clock Pessimism Removal (CPR):    0.274ns
  Clock Uncertainty:      0.035ns  ((TSJ^2 + TIJ^2)^1/2 + DJ) / 2 + PE
    Total System Jitter     (TSJ):    0.071ns
    Total Input Jitter      (TIJ):    0.000ns
    Discrete Jitter          (DJ):    0.000ns
    Phase Error              (PE):    0.000ns

    Location             Delay type                Incr(ns)  Path(ns)    Netlist Resource(s)
  -------------------------------------------------------------------    -------------------
                         (clock sys_clk_pin rise edge)
                                                      0.000     0.000 r  
    W5                                                0.000     0.000 r  clk (IN)
                         net (fo=0)                   0.000     0.000    clk
    W5                   IBUF (Prop_ibuf_I_O)         1.458     1.458 r  clk_IBUF_inst/O
                         net (fo=1, routed)           1.967     3.425    clk_IBUF
    BUFGCTRL_X0Y0        BUFG (Prop_bufg_I_O)         0.096     3.521 r  clk_IBUF_BUFG_inst/O
                         net (fo=20, routed)          1.625     5.146    clk_IBUF_BUFG
    SLICE_X64Y20         FDRE                                         r  refresh_counter_reg[2]/C
  -------------------------------------------------------------------    -------------------
    SLICE_X64Y20         FDRE (Prop_fdre_C_Q)         0.518     5.664 r  refresh_counter_reg[2]/Q
                         net (fo=1, routed)           0.819     6.484    refresh_counter_reg_n_0_[2]
    SLICE_X64Y20         CARRY4 (Prop_carry4_S[2]_CO[3])
                                                      0.504     6.988 r  refresh_counter_reg[0]_i_1/CO[3]
                         net (fo=1, routed)           0.000     6.988    refresh_counter_reg[0]_i_1_n_0
    SLICE_X64Y21         CARRY4 (Prop_carry4_CI_CO[3])
                                                      0.117     7.105 r  refresh_counter_reg[4]_i_1/CO[3]
                         net (fo=1, routed)           0.000     7.105    refresh_counter_reg[4]_i_1_n_0
    SLICE_X64Y22         CARRY4 (Prop_carry4_CI_CO[3])
                                                      0.117     7.222 r  refresh_counter_reg[8]_i_1/CO[3]
                         net (fo=1, routed)           0.000     7.222    refresh_counter_reg[8]_i_1_n_0
    SLICE_X64Y23         CARRY4 (Prop_carry4_CI_CO[3])
                                                      0.117     7.339 r  refresh_counter_reg[12]_i_1/CO[3]
                         net (fo=1, routed)           0.000     7.339    refresh_counter_reg[12]_i_1_n_0
    SLICE_X64Y24         CARRY4 (Prop_carry4_CI_O[3])
                                                      0.315     7.654 r  refresh_counter_reg[16]_i_1/O[3]
                         net (fo=1, routed)           0.000     7.654    refresh_counter_reg[16]_i_1_n_4
    SLICE_X64Y24         FDRE                                         r  refresh_counter_reg[19]/D
  -------------------------------------------------------------------    -------------------

                         (clock sys_clk_pin rise edge)
                                                     10.000    10.000 r  
    W5                                                0.000    10.000 r  clk (IN)
                         net (fo=0)                   0.000    10.000    clk
    W5                   IBUF (Prop_ibuf_I_O)         1.388    11.388 r  clk_IBUF_inst/O
                         net (fo=1, routed)           1.862    13.250    clk_IBUF
    BUFGCTRL_X0Y0        BUFG (Prop_bufg_I_O)         0.091    13.341 r  clk_IBUF_BUFG_inst/O
                         net (fo=20, routed)          1.502    14.843    clk_IBUF_BUFG
    SLICE_X64Y24         FDRE                                         r  refresh_counter_reg[19]/C
                         clock pessimism              0.274    15.117    
                         clock uncertainty           -0.035    15.082    
    SLICE_X64Y24         FDRE (Setup_fdre_C_D)        0.109    15.191    refresh_counter_reg[19]
  -------------------------------------------------------------------
                         required time                         15.191    
                         arrival time                          -7.654    
  -------------------------------------------------------------------
                         slack                                  7.537    

Slack (MET) :             7.613ns  (required time - arrival time)
  Source:                 refresh_counter_reg[2]/C
                            (rising edge-triggered cell FDRE clocked by sys_clk_pin  {rise@0.000ns fall@5.000ns period=10.000ns})
  Destination:            refresh_counter_reg[18]/D
                            (rising edge-triggered cell FDRE clocked by sys_clk_pin  {rise@0.000ns fall@5.000ns period=10.000ns})
  Path Group:             sys_clk_pin
  Path Type:              Setup (Max at Slow Process Corner)
  Requirement:            10.000ns  (sys_clk_pin rise@10.000ns - sys_clk_pin rise@0.000ns)
  Data Path Delay:        2.431ns  (logic 1.612ns (66.298%)  route 0.819ns (33.702%))
  Logic Levels:           5  (CARRY4=5)
  Clock Path Skew:        -0.029ns (DCD - SCD + CPR)
    Destination Clock Delay (DCD):    4.843ns = ( 14.843 - 10.000 ) 
    Source Clock Delay      (SCD):    5.146ns
    Clock Pessimism Removal (CPR):    0.274ns
  Clock Uncertainty:      0.035ns  ((TSJ^2 + TIJ^2)^1/2 + DJ) / 2 + PE
    Total System Jitter     (TSJ):    0.071ns
    Total Input Jitter      (TIJ):    0.000ns
    Discrete Jitter          (DJ):    0.000ns
    Phase Error              (PE):    0.000ns

    Location             Delay type                Incr(ns)  Path(ns)    Netlist Resource(s)
  -------------------------------------------------------------------    -------------------
                         (clock sys_clk_pin rise edge)
                                                      0.000     0.000 r  
    W5                                                0.000     0.000 r  clk (IN)
                         net (fo=0)                   0.000     0.000    clk
    W5                   IBUF (Prop_ibuf_I_O)         1.458     1.458 r  clk_IBUF_inst/O
                         net (fo=1, routed)           1.967     3.425    clk_IBUF
    BUFGCTRL_X0Y0        BUFG (Prop_bufg_I_O)         0.096     3.521 r  clk_IBUF_BUFG_inst/O
                         net (fo=20, routed)          1.625     5.146    clk_IBUF_BUFG
    SLICE_X64Y20         FDRE                                         r  refresh_counter_reg[2]/C
  -------------------------------------------------------------------    -------------------
    SLICE_X64Y20         FDRE (Prop_fdre_C_Q)         0.518     5.664 r  refresh_counter_reg[2]/Q
                         net (fo=1, routed)           0.819     6.484    refresh_counter_reg_n_0_[2]
    SLICE_X64Y20         CARRY4 (Prop_carry4_S[2]_CO[3])
                                                      0.504     6.988 r  refresh_counter_reg[0]_i_1/CO[3]
                         net (fo=1, routed)           0.000     6.988    refresh_counter_reg[0]_i_1_n_0
    SLICE_X64Y21         CARRY4 (Prop_carry4_CI_CO[3])
                                                      0.117     7.105 r  refresh_counter_reg[4]_i_1/CO[3]
                         net (fo=1, routed)           0.000     7.105    refresh_counter_reg[4]_i_1_n_0
    SLICE_X64Y22         CARRY4 (Prop_carry4_CI_CO[3])
                                                      0.117     7.222 r  refresh_counter_reg[8]_i_1/CO[3]
                         net (fo=1, routed)           0.000     7.222    refresh_counter_reg[8]_i_1_n_0
    SLICE_X64Y23         CARRY4 (Prop_carry4_CI_CO[3])
                                                      0.117     7.339 r  refresh_counter_reg[12]_i_1/CO[3]
                         net (fo=1, routed)           0.000     7.339    refresh_counter_reg[12]_i_1_n_0
    SLICE_X64Y24         CARRY4 (Prop_carry4_CI_O[2])
                                                      0.239     7.578 r  refresh_counter_reg[16]_i_1/O[2]
                         net (fo=1, routed)           0.000     7.578    refresh_counter_reg[16]_i_1_n_5
    SLICE_X64Y24         FDRE                                         r  refresh_counter_reg[18]/D
  -------------------------------------------------------------------    -------------------

                         (clock sys_clk_pin rise edge)
                                                     10.000    10.000 r  
    W5                                                0.000    10.000 r  clk (IN)
                         net (fo=0)                   0.000    10.000    clk
    W5                   IBUF (Prop_ibuf_I_O)         1.388    11.388 r  clk_IBUF_inst/O
                         net (fo=1, routed)           1.862    13.250    clk_IBUF
    BUFGCTRL_X0Y0        BUFG (Prop_bufg_I_O)         0.091    13.341 r  clk_IBUF_BUFG_inst/O
                         net (fo=20, routed)          1.502    14.843    clk_IBUF_BUFG
    SLICE_X64Y24         FDRE                                         r  refresh_counter_reg[18]/C
                         clock pessimism              0.274    15.117    
                         clock uncertainty           -0.035    15.082    
    SLICE_X64Y24         FDRE (Setup_fdre_C_D)        0.109    15.191    refresh_counter_reg[18]
  -------------------------------------------------------------------
                         required time                         15.191    
                         arrival time                          -7.578    
  -------------------------------------------------------------------
                         slack                                  7.613    

Slack (MET) :             7.633ns  (required time - arrival time)
  Source:                 refresh_counter_reg[2]/C
                            (rising edge-triggered cell FDRE clocked by sys_clk_pin  {rise@0.000ns fall@5.000ns period=10.000ns})
  Destination:            refresh_counter_reg[16]/D
                            (rising edge-triggered cell FDRE clocked by sys_clk_pin  {rise@0.000ns fall@5.000ns period=10.000ns})
  Path Group:             sys_clk_pin
  Path Type:              Setup (Max at Slow Process Corner)
  Requirement:            10.000ns  (sys_clk_pin rise@10.000ns - sys_clk_pin rise@0.000ns)
  Data Path Delay:        2.411ns  (logic 1.592ns (66.018%)  route 0.819ns (33.982%))
  Logic Levels:           5  (CARRY4=5)
  Clock Path Skew:        -0.029ns (DCD - SCD + CPR)
    Destination Clock Delay (DCD):    4.843ns = ( 14.843 - 10.000 ) 
    Source Clock Delay      (SCD):    5.146ns
    Clock Pessimism Removal (CPR):    0.274ns
  Clock Uncertainty:      0.035ns  ((TSJ^2 + TIJ^2)^1/2 + DJ) / 2 + PE
    Total System Jitter     (TSJ):    0.071ns
    Total Input Jitter      (TIJ):    0.000ns
    Discrete Jitter          (DJ):    0.000ns
    Phase Error              (PE):    0.000ns

    Location             Delay type                Incr(ns)  Path(ns)    Netlist Resource(s)
  -------------------------------------------------------------------    -------------------
                         (clock sys_clk_pin rise edge)
                                                      0.000     0.000 r  
    W5                                                0.000     0.000 r  clk (IN)
                         net (fo=0)                   0.000     0.000    clk
    W5                   IBUF (Prop_ibuf_I_O)         1.458     1.458 r  clk_IBUF_inst/O
                         net (fo=1, routed)           1.967     3.425    clk_IBUF
    BUFGCTRL_X0Y0        BUFG (Prop_bufg_I_O)         0.096     3.521 r  clk_IBUF_BUFG_inst/O
                         net (fo=20, routed)          1.625     5.146    clk_IBUF_BUFG
    SLICE_X64Y20         FDRE                                         r  refresh_counter_reg[2]/C
  -------------------------------------------------------------------    -------------------
    SLICE_X64Y20         FDRE (Prop_fdre_C_Q)         0.518     5.664 r  refresh_counter_reg[2]/Q
                         net (fo=1, routed)           0.819     6.484    refresh_counter_reg_n_0_[2]
    SLICE_X64Y20         CARRY4 (Prop_carry4_S[2]_CO[3])
                                                      0.504     6.988 r  refresh_counter_reg[0]_i_1/CO[3]
                         net (fo=1, routed)           0.000     6.988    refresh_counter_reg[0]_i_1_n_0
    SLICE_X64Y21         CARRY4 (Prop_carry4_CI_CO[3])
                                                      0.117     7.105 r  refresh_counter_reg[4]_i_1/CO[3]
                         net (fo=1, routed)           0.000     7.105    refresh_counter_reg[4]_i_1_n_0
    SLICE_X64Y22         CARRY4 (Prop_carry4_CI_CO[3])
                                                      0.117     7.222 r  refresh_counter_reg[8]_i_1/CO[3]
                         net (fo=1, routed)           0.000     7.222    refresh_counter_reg[8]_i_1_n_0
    SLICE_X64Y23         CARRY4 (Prop_carry4_CI_CO[3])
                                                      0.117     7.339 r  refresh_counter_reg[12]_i_1/CO[3]
                         net (fo=1, routed)           0.000     7.339    refresh_counter_reg[12]_i_1_n_0
    SLICE_X64Y24         CARRY4 (Prop_carry4_CI_O[0])
                                                      0.219     7.558 r  refresh_counter_reg[16]_i_1/O[0]
                         net (fo=1, routed)           0.000     7.558    refresh_counter_reg[16]_i_1_n_7
    SLICE_X64Y24         FDRE                                         r  refresh_counter_reg[16]/D
  -------------------------------------------------------------------    -------------------

                         (clock sys_clk_pin rise edge)
                                                     10.000    10.000 r  
    W5                                                0.000    10.000 r  clk (IN)
                         net (fo=0)                   0.000    10.000    clk
    W5                   IBUF (Prop_ibuf_I_O)         1.388    11.388 r  clk_IBUF_inst/O
                         net (fo=1, routed)           1.862    13.250    clk_IBUF
    BUFGCTRL_X0Y0        BUFG (Prop_bufg_I_O)         0.091    13.341 r  clk_IBUF_BUFG_inst/O
                         net (fo=20, routed)          1.502    14.843    clk_IBUF_BUFG
    SLICE_X64Y24         FDRE                                         r  refresh_counter_reg[16]/C
                         clock pessimism              0.274    15.117    
                         clock uncertainty           -0.035    15.082    
    SLICE_X64Y24         FDRE (Setup_fdre_C_D)        0.109    15.191    refresh_counter_reg[16]
  -------------------------------------------------------------------
                         required time                         15.191    
                         arrival time                          -7.558    
  -------------------------------------------------------------------
                         slack                                  7.633    

Slack (MET) :             7.648ns  (required time - arrival time)
  Source:                 refresh_counter_reg[2]/C
                            (rising edge-triggered cell FDRE clocked by sys_clk_pin  {rise@0.000ns fall@5.000ns period=10.000ns})
  Destination:            refresh_counter_reg[13]/D
                            (rising edge-triggered cell FDRE clocked by sys_clk_pin  {rise@0.000ns fall@5.000ns period=10.000ns})
  Path Group:             sys_clk_pin
  Path Type:              Setup (Max at Slow Process Corner)
  Requirement:            10.000ns  (sys_clk_pin rise@10.000ns - sys_clk_pin rise@0.000ns)
  Data Path Delay:        2.398ns  (logic 1.579ns (65.834%)  route 0.819ns (34.166%))
  Logic Levels:           4  (CARRY4=4)
  Clock Path Skew:        -0.027ns (DCD - SCD + CPR)
    Destination Clock Delay (DCD):    4.845ns = ( 14.845 - 10.000 ) 
    Source Clock Delay      (SCD):    5.146ns
    Clock Pessimism Removal (CPR):    0.274ns
  Clock Uncertainty:      0.035ns  ((TSJ^2 + TIJ^2)^1/2 + DJ) / 2 + PE
    Total System Jitter     (TSJ):    0.071ns
    Total Input Jitter      (TIJ):    0.000ns
    Discrete Jitter          (DJ):    0.000ns
    Phase Error              (PE):    0.000ns

    Location             Delay type                Incr(ns)  Path(ns)    Netlist Resource(s)
  -------------------------------------------------------------------    -------------------
                         (clock sys_clk_pin rise edge)
                                                      0.000     0.000 r  
    W5                                                0.000     0.000 r  clk (IN)
                         net (fo=0)                   0.000     0.000    clk
    W5                   IBUF (Prop_ibuf_I_O)         1.458     1.458 r  clk_IBUF_inst/O
                         net (fo=1, routed)           1.967     3.425    clk_IBUF
    BUFGCTRL_X0Y0        BUFG (Prop_bufg_I_O)         0.096     3.521 r  clk_IBUF_BUFG_inst/O
                         net (fo=20, routed)          1.625     5.146    clk_IBUF_BUFG
    SLICE_X64Y20         FDRE                                         r  refresh_counter_reg[2]/C
  -------------------------------------------------------------------    -------------------
    SLICE_X64Y20         FDRE (Prop_fdre_C_Q)         0.518     5.664 r  refresh_counter_reg[2]/Q
                         net (fo=1, routed)           0.819     6.484    refresh_counter_reg_n_0_[2]
    SLICE_X64Y20         CARRY4 (Prop_carry4_S[2]_CO[3])
                                                      0.504     6.988 r  refresh_counter_reg[0]_i_1/CO[3]
                         net (fo=1, routed)           0.000     6.988    refresh_counter_reg[0]_i_1_n_0
    SLICE_X64Y21         CARRY4 (Prop_carry4_CI_CO[3])
                                                      0.117     7.105 r  refresh_counter_reg[4]_i_1/CO[3]
                         net (fo=1, routed)           0.000     7.105    refresh_counter_reg[4]_i_1_n_0
    SLICE_X64Y22         CARRY4 (Prop_carry4_CI_CO[3])
                                                      0.117     7.222 r  refresh_counter_reg[8]_i_1/CO[3]
                         net (fo=1, routed)           0.000     7.222    refresh_counter_reg[8]_i_1_n_0
    SLICE_X64Y23         CARRY4 (Prop_carry4_CI_O[1])
                                                      0.323     7.545 r  refresh_counter_reg[12]_i_1/O[1]
                         net (fo=1, routed)           0.000     7.545    refresh_counter_reg[12]_i_1_n_6
    SLICE_X64Y23         FDRE                                         r  refresh_counter_reg[13]/D
  -------------------------------------------------------------------    -------------------

                         (clock sys_clk_pin rise edge)
                                                     10.000    10.000 r  
    W5                                                0.000    10.000 r  clk (IN)
                         net (fo=0)                   0.000    10.000    clk
    W5                   IBUF (Prop_ibuf_I_O)         1.388    11.388 r  clk_IBUF_inst/O
                         net (fo=1, routed)           1.862    13.250    clk_IBUF
    BUFGCTRL_X0Y0        BUFG (Prop_bufg_I_O)         0.091    13.341 r  clk_IBUF_BUFG_inst/O
                         net (fo=20, routed)          1.504    14.845    clk_IBUF_BUFG
    SLICE_X64Y23         FDRE                                         r  refresh_counter_reg[13]/C
                         clock pessimism              0.274    15.119    
                         clock uncertainty           -0.035    15.084    
    SLICE_X64Y23         FDRE (Setup_fdre_C_D)        0.109    15.193    refresh_counter_reg[13]
  -------------------------------------------------------------------
                         required time                         15.193    
                         arrival time                          -7.545    
  -------------------------------------------------------------------
                         slack                                  7.648    

Slack (MET) :             7.656ns  (required time - arrival time)
  Source:                 refresh_counter_reg[2]/C
                            (rising edge-triggered cell FDRE clocked by sys_clk_pin  {rise@0.000ns fall@5.000ns period=10.000ns})
  Destination:            refresh_counter_reg[15]/D
                            (rising edge-triggered cell FDRE clocked by sys_clk_pin  {rise@0.000ns fall@5.000ns period=10.000ns})
  Path Group:             sys_clk_pin
  Path Type:              Setup (Max at Slow Process Corner)
  Requirement:            10.000ns  (sys_clk_pin rise@10.000ns - sys_clk_pin rise@0.000ns)
  Data Path Delay:        2.390ns  (logic 1.571ns (65.720%)  route 0.819ns (34.280%))
  Logic Levels:           4  (CARRY4=4)
  Clock Path Skew:        -0.027ns (DCD - SCD + CPR)
    Destination Clock Delay (DCD):    4.845ns = ( 14.845 - 10.000 ) 
    Source Clock Delay      (SCD):    5.146ns
    Clock Pessimism Removal (CPR):    0.274ns
  Clock Uncertainty:      0.035ns  ((TSJ^2 + TIJ^2)^1/2 + DJ) / 2 + PE
    Total System Jitter     (TSJ):    0.071ns
    Total Input Jitter      (TIJ):    0.000ns
    Discrete Jitter          (DJ):    0.000ns
    Phase Error              (PE):    0.000ns

    Location             Delay type                Incr(ns)  Path(ns)    Netlist Resource(s)
  -------------------------------------------------------------------    -------------------
                         (clock sys_clk_pin rise edge)
                                                      0.000     0.000 r  
    W5                                                0.000     0.000 r  clk (IN)
                         net (fo=0)                   0.000     0.000    clk
    W5                   IBUF (Prop_ibuf_I_O)         1.458     1.458 r  clk_IBUF_inst/O
                         net (fo=1, routed)           1.967     3.425    clk_IBUF
    BUFGCTRL_X0Y0        BUFG (Prop_bufg_I_O)         0.096     3.521 r  clk_IBUF_BUFG_inst/O
                         net (fo=20, routed)          1.625     5.146    clk_IBUF_BUFG
    SLICE_X64Y20         FDRE                                         r  refresh_counter_reg[2]/C
  -------------------------------------------------------------------    -------------------
    SLICE_X64Y20         FDRE (Prop_fdre_C_Q)         0.518     5.664 r  refresh_counter_reg[2]/Q
                         net (fo=1, routed)           0.819     6.484    refresh_counter_reg_n_0_[2]
    SLICE_X64Y20         CARRY4 (Prop_carry4_S[2]_CO[3])
                                                      0.504     6.988 r  refresh_counter_reg[0]_i_1/CO[3]
                         net (fo=1, routed)           0.000     6.988    refresh_counter_reg[0]_i_1_n_0
    SLICE_X64Y21         CARRY4 (Prop_carry4_CI_CO[3])
                                                      0.117     7.105 r  refresh_counter_reg[4]_i_1/CO[3]
                         net (fo=1, routed)           0.000     7.105    refresh_counter_reg[4]_i_1_n_0
    SLICE_X64Y22         CARRY4 (Prop_carry4_CI_CO[3])
                                                      0.117     7.222 r  refresh_counter_reg[8]_i_1/CO[3]
                         net (fo=1, routed)           0.000     7.222    refresh_counter_reg[8]_i_1_n_0
    SLICE_X64Y23         CARRY4 (Prop_carry4_CI_O[3])
                                                      0.315     7.537 r  refresh_counter_reg[12]_i_1/O[3]
                         net (fo=1, routed)           0.000     7.537    refresh_counter_reg[12]_i_1_n_4
    SLICE_X64Y23         FDRE                                         r  refresh_counter_reg[15]/D
  -------------------------------------------------------------------    -------------------

                         (clock sys_clk_pin rise edge)
                                                     10.000    10.000 r  
    W5                                                0.000    10.000 r  clk (IN)
                         net (fo=0)                   0.000    10.000    clk
    W5                   IBUF (Prop_ibuf_I_O)         1.388    11.388 r  clk_IBUF_inst/O
                         net (fo=1, routed)           1.862    13.250    clk_IBUF
    BUFGCTRL_X0Y0        BUFG (Prop_bufg_I_O)         0.091    13.341 r  clk_IBUF_BUFG_inst/O
                         net (fo=20, routed)          1.504    14.845    clk_IBUF_BUFG
    SLICE_X64Y23         FDRE                                         r  refresh_counter_reg[15]/C
                         clock pessimism              0.274    15.119    
                         clock uncertainty           -0.035    15.084    
    SLICE_X64Y23         FDRE (Setup_fdre_C_D)        0.109    15.193    refresh_counter_reg[15]
  -------------------------------------------------------------------
                         required time                         15.193    
                         arrival time                          -7.537    
  -------------------------------------------------------------------
                         slack                                  7.656    

Slack (MET) :             7.732ns  (required time - arrival time)
  Source:                 refresh_counter_reg[2]/C
                            (rising edge-triggered cell FDRE clocked by sys_clk_pin  {rise@0.000ns fall@5.000ns period=10.000ns})
  Destination:            refresh_counter_reg[14]/D
                            (rising edge-triggered cell FDRE clocked by sys_clk_pin  {rise@0.000ns fall@5.000ns period=10.000ns})
  Path Group:             sys_clk_pin
  Path Type:              Setup (Max at Slow Process Corner)
  Requirement:            10.000ns  (sys_clk_pin rise@10.000ns - sys_clk_pin rise@0.000ns)
  Data Path Delay:        2.314ns  (logic 1.495ns (64.594%)  route 0.819ns (35.406%))
  Logic Levels:           4  (CARRY4=4)
  Clock Path Skew:        -0.027ns (DCD - SCD + CPR)
    Destination Clock Delay (DCD):    4.845ns = ( 14.845 - 10.000 ) 
    Source Clock Delay      (SCD):    5.146ns
    Clock Pessimism Removal (CPR):    0.274ns
  Clock Uncertainty:      0.035ns  ((TSJ^2 + TIJ^2)^1/2 + DJ) / 2 + PE
    Total System Jitter     (TSJ):    0.071ns
    Total Input Jitter      (TIJ):    0.000ns
    Discrete Jitter          (DJ):    0.000ns
    Phase Error              (PE):    0.000ns

    Location             Delay type                Incr(ns)  Path(ns)    Netlist Resource(s)
  -------------------------------------------------------------------    -------------------
                         (clock sys_clk_pin rise edge)
                                                      0.000     0.000 r  
    W5                                                0.000     0.000 r  clk (IN)
                         net (fo=0)                   0.000     0.000    clk
    W5                   IBUF (Prop_ibuf_I_O)         1.458     1.458 r  clk_IBUF_inst/O
                         net (fo=1, routed)           1.967     3.425    clk_IBUF
    BUFGCTRL_X0Y0        BUFG (Prop_bufg_I_O)         0.096     3.521 r  clk_IBUF_BUFG_inst/O
                         net (fo=20, routed)          1.625     5.146    clk_IBUF_BUFG
    SLICE_X64Y20         FDRE                                         r  refresh_counter_reg[2]/C
  -------------------------------------------------------------------    -------------------
    SLICE_X64Y20         FDRE (Prop_fdre_C_Q)         0.518     5.664 r  refresh_counter_reg[2]/Q
                         net (fo=1, routed)           0.819     6.484    refresh_counter_reg_n_0_[2]
    SLICE_X64Y20         CARRY4 (Prop_carry4_S[2]_CO[3])
                                                      0.504     6.988 r  refresh_counter_reg[0]_i_1/CO[3]
                         net (fo=1, routed)           0.000     6.988    refresh_counter_reg[0]_i_1_n_0
    SLICE_X64Y21         CARRY4 (Prop_carry4_CI_CO[3])
                                                      0.117     7.105 r  refresh_counter_reg[4]_i_1/CO[3]
                         net (fo=1, routed)           0.000     7.105    refresh_counter_reg[4]_i_1_n_0
    SLICE_X64Y22         CARRY4 (Prop_carry4_CI_CO[3])
                                                      0.117     7.222 r  refresh_counter_reg[8]_i_1/CO[3]
                         net (fo=1, routed)           0.000     7.222    refresh_counter_reg[8]_i_1_n_0
    SLICE_X64Y23         CARRY4 (Prop_carry4_CI_O[2])
                                                      0.239     7.461 r  refresh_counter_reg[12]_i_1/O[2]
                         net (fo=1, routed)           0.000     7.461    refresh_counter_reg[12]_i_1_n_5
    SLICE_X64Y23         FDRE                                         r  refresh_counter_reg[14]/D
  -------------------------------------------------------------------    -------------------

                         (clock sys_clk_pin rise edge)
                                                     10.000    10.000 r  
    W5                                                0.000    10.000 r  clk (IN)
                         net (fo=0)                   0.000    10.000    clk
    W5                   IBUF (Prop_ibuf_I_O)         1.388    11.388 r  clk_IBUF_inst/O
                         net (fo=1, routed)           1.862    13.250    clk_IBUF
    BUFGCTRL_X0Y0        BUFG (Prop_bufg_I_O)         0.091    13.341 r  clk_IBUF_BUFG_inst/O
                         net (fo=20, routed)          1.504    14.845    clk_IBUF_BUFG
    SLICE_X64Y23         FDRE                                         r  refresh_counter_reg[14]/C
                         clock pessimism              0.274    15.119    
                         clock uncertainty           -0.035    15.084    
    SLICE_X64Y23         FDRE (Setup_fdre_C_D)        0.109    15.193    refresh_counter_reg[14]
  -------------------------------------------------------------------
                         required time                         15.193    
                         arrival time                          -7.461    
  -------------------------------------------------------------------
                         slack                                  7.732    

Slack (MET) :             7.752ns  (required time - arrival time)
  Source:                 refresh_counter_reg[2]/C
                            (rising edge-triggered cell FDRE clocked by sys_clk_pin  {rise@0.000ns fall@5.000ns period=10.000ns})
  Destination:            refresh_counter_reg[12]/D
                            (rising edge-triggered cell FDRE clocked by sys_clk_pin  {rise@0.000ns fall@5.000ns period=10.000ns})
  Path Group:             sys_clk_pin
  Path Type:              Setup (Max at Slow Process Corner)
  Requirement:            10.000ns  (sys_clk_pin rise@10.000ns - sys_clk_pin rise@0.000ns)
  Data Path Delay:        2.294ns  (logic 1.475ns (64.285%)  route 0.819ns (35.715%))
  Logic Levels:           4  (CARRY4=4)
  Clock Path Skew:        -0.027ns (DCD - SCD + CPR)
    Destination Clock Delay (DCD):    4.845ns = ( 14.845 - 10.000 ) 
    Source Clock Delay      (SCD):    5.146ns
    Clock Pessimism Removal (CPR):    0.274ns
  Clock Uncertainty:      0.035ns  ((TSJ^2 + TIJ^2)^1/2 + DJ) / 2 + PE
    Total System Jitter     (TSJ):    0.071ns
    Total Input Jitter      (TIJ):    0.000ns
    Discrete Jitter          (DJ):    0.000ns
    Phase Error              (PE):    0.000ns

    Location             Delay type                Incr(ns)  Path(ns)    Netlist Resource(s)
  -------------------------------------------------------------------    -------------------
                         (clock sys_clk_pin rise edge)
                                                      0.000     0.000 r  
    W5                                                0.000     0.000 r  clk (IN)
                         net (fo=0)                   0.000     0.000    clk
    W5                   IBUF (Prop_ibuf_I_O)         1.458     1.458 r  clk_IBUF_inst/O
                         net (fo=1, routed)           1.967     3.425    clk_IBUF
    BUFGCTRL_X0Y0        BUFG (Prop_bufg_I_O)         0.096     3.521 r  clk_IBUF_BUFG_inst/O
                         net (fo=20, routed)          1.625     5.146    clk_IBUF_BUFG
    SLICE_X64Y20         FDRE                                         r  refresh_counter_reg[2]/C
  -------------------------------------------------------------------    -------------------
    SLICE_X64Y20         FDRE (Prop_fdre_C_Q)         0.518     5.664 r  refresh_counter_reg[2]/Q
                         net (fo=1, routed)           0.819     6.484    refresh_counter_reg_n_0_[2]
    SLICE_X64Y20         CARRY4 (Prop_carry4_S[2]_CO[3])
                                                      0.504     6.988 r  refresh_counter_reg[0]_i_1/CO[3]
                         net (fo=1, routed)           0.000     6.988    refresh_counter_reg[0]_i_1_n_0
    SLICE_X64Y21         CARRY4 (Prop_carry4_CI_CO[3])
                                                      0.117     7.105 r  refresh_counter_reg[4]_i_1/CO[3]
                         net (fo=1, routed)           0.000     7.105    refresh_counter_reg[4]_i_1_n_0
    SLICE_X64Y22         CARRY4 (Prop_carry4_CI_CO[3])
                                                      0.117     7.222 r  refresh_counter_reg[8]_i_1/CO[3]
                         net (fo=1, routed)           0.000     7.222    refresh_counter_reg[8]_i_1_n_0
    SLICE_X64Y23         CARRY4 (Prop_carry4_CI_O[0])
                                                      0.219     7.441 r  refresh_counter_reg[12]_i_1/O[0]
                         net (fo=1, routed)           0.000     7.441    refresh_counter_reg[12]_i_1_n_7
    SLICE_X64Y23         FDRE                                         r  refresh_counter_reg[12]/D
  -------------------------------------------------------------------    -------------------

                         (clock sys_clk_pin rise edge)
                                                     10.000    10.000 r  
    W5                                                0.000    10.000 r  clk (IN)
                         net (fo=0)                   0.000    10.000    clk
    W5                   IBUF (Prop_ibuf_I_O)         1.388    11.388 r  clk_IBUF_inst/O
                         net (fo=1, routed)           1.862    13.250    clk_IBUF
    BUFGCTRL_X0Y0        BUFG (Prop_bufg_I_O)         0.091    13.341 r  clk_IBUF_BUFG_inst/O
                         net (fo=20, routed)          1.504    14.845    clk_IBUF_BUFG
    SLICE_X64Y23         FDRE                                         r  refresh_counter_reg[12]/C
                         clock pessimism              0.274    15.119    
                         clock uncertainty           -0.035    15.084    
    SLICE_X64Y23         FDRE (Setup_fdre_C_D)        0.109    15.193    refresh_counter_reg[12]
  -------------------------------------------------------------------
                         required time                         15.193    
                         arrival time                          -7.441    
  -------------------------------------------------------------------
                         slack                                  7.752    

Slack (MET) :             7.766ns  (required time - arrival time)
  Source:                 refresh_counter_reg[2]/C
                            (rising edge-triggered cell FDRE clocked by sys_clk_pin  {rise@0.000ns fall@5.000ns period=10.000ns})
  Destination:            refresh_counter_reg[9]/D
                            (rising edge-triggered cell FDRE clocked by sys_clk_pin  {rise@0.000ns fall@5.000ns period=10.000ns})
  Path Group:             sys_clk_pin
  Path Type:              Setup (Max at Slow Process Corner)
  Requirement:            10.000ns  (sys_clk_pin rise@10.000ns - sys_clk_pin rise@0.000ns)
  Data Path Delay:        2.281ns  (logic 1.462ns (64.082%)  route 0.819ns (35.918%))
  Logic Levels:           3  (CARRY4=3)
  Clock Path Skew:        -0.026ns (DCD - SCD + CPR)
    Destination Clock Delay (DCD):    4.846ns = ( 14.846 - 10.000 ) 
    Source Clock Delay      (SCD):    5.146ns
    Clock Pessimism Removal (CPR):    0.274ns
  Clock Uncertainty:      0.035ns  ((TSJ^2 + TIJ^2)^1/2 + DJ) / 2 + PE
    Total System Jitter     (TSJ):    0.071ns
    Total Input Jitter      (TIJ):    0.000ns
    Discrete Jitter          (DJ):    0.000ns
    Phase Error              (PE):    0.000ns

    Location             Delay type                Incr(ns)  Path(ns)    Netlist Resource(s)
  -------------------------------------------------------------------    -------------------
                         (clock sys_clk_pin rise edge)
                                                      0.000     0.000 r  
    W5                                                0.000     0.000 r  clk (IN)
                         net (fo=0)                   0.000     0.000    clk
    W5                   IBUF (Prop_ibuf_I_O)         1.458     1.458 r  clk_IBUF_inst/O
                         net (fo=1, routed)           1.967     3.425    clk_IBUF
    BUFGCTRL_X0Y0        BUFG (Prop_bufg_I_O)         0.096     3.521 r  clk_IBUF_BUFG_inst/O
                         net (fo=20, routed)          1.625     5.146    clk_IBUF_BUFG
    SLICE_X64Y20         FDRE                                         r  refresh_counter_reg[2]/C
  -------------------------------------------------------------------    -------------------
    SLICE_X64Y20         FDRE (Prop_fdre_C_Q)         0.518     5.664 r  refresh_counter_reg[2]/Q
                         net (fo=1, routed)           0.819     6.484    refresh_counter_reg_n_0_[2]
    SLICE_X64Y20         CARRY4 (Prop_carry4_S[2]_CO[3])
                                                      0.504     6.988 r  refresh_counter_reg[0]_i_1/CO[3]
                         net (fo=1, routed)           0.000     6.988    refresh_counter_reg[0]_i_1_n_0
    SLICE_X64Y21         CARRY4 (Prop_carry4_CI_CO[3])
                                                      0.117     7.105 r  refresh_counter_reg[4]_i_1/CO[3]
                         net (fo=1, routed)           0.000     7.105    refresh_counter_reg[4]_i_1_n_0
    SLICE_X64Y22         CARRY4 (Prop_carry4_CI_O[1])
                                                      0.323     7.428 r  refresh_counter_reg[8]_i_1/O[1]
                         net (fo=1, routed)           0.000     7.428    refresh_counter_reg[8]_i_1_n_6
    SLICE_X64Y22         FDRE                                         r  refresh_counter_reg[9]/D
  -------------------------------------------------------------------    -------------------

                         (clock sys_clk_pin rise edge)
                                                     10.000    10.000 r  
    W5                                                0.000    10.000 r  clk (IN)
                         net (fo=0)                   0.000    10.000    clk
    W5                   IBUF (Prop_ibuf_I_O)         1.388    11.388 r  clk_IBUF_inst/O
                         net (fo=1, routed)           1.862    13.250    clk_IBUF
    BUFGCTRL_X0Y0        BUFG (Prop_bufg_I_O)         0.091    13.341 r  clk_IBUF_BUFG_inst/O
                         net (fo=20, routed)          1.505    14.846    clk_IBUF_BUFG
    SLICE_X64Y22         FDRE                                         r  refresh_counter_reg[9]/C
                         clock pessimism              0.274    15.120    
                         clock uncertainty           -0.035    15.085    
    SLICE_X64Y22         FDRE (Setup_fdre_C_D)        0.109    15.194    refresh_counter_reg[9]
  -------------------------------------------------------------------
                         required time                         15.194    
                         arrival time                          -7.428    
  -------------------------------------------------------------------
                         slack                                  7.766    

Slack (MET) :             7.774ns  (required time - arrival time)
  Source:                 refresh_counter_reg[2]/C
                            (rising edge-triggered cell FDRE clocked by sys_clk_pin  {rise@0.000ns fall@5.000ns period=10.000ns})
  Destination:            refresh_counter_reg[11]/D
                            (rising edge-triggered cell FDRE clocked by sys_clk_pin  {rise@0.000ns fall@5.000ns period=10.000ns})
  Path Group:             sys_clk_pin
  Path Type:              Setup (Max at Slow Process Corner)
  Requirement:            10.000ns  (sys_clk_pin rise@10.000ns - sys_clk_pin rise@0.000ns)
  Data Path Delay:        2.273ns  (logic 1.454ns (63.955%)  route 0.819ns (36.045%))
  Logic Levels:           3  (CARRY4=3)
  Clock Path Skew:        -0.026ns (DCD - SCD + CPR)
    Destination Clock Delay (DCD):    4.846ns = ( 14.846 - 10.000 ) 
    Source Clock Delay      (SCD):    5.146ns
    Clock Pessimism Removal (CPR):    0.274ns
  Clock Uncertainty:      0.035ns  ((TSJ^2 + TIJ^2)^1/2 + DJ) / 2 + PE
    Total System Jitter     (TSJ):    0.071ns
    Total Input Jitter      (TIJ):    0.000ns
    Discrete Jitter          (DJ):    0.000ns
    Phase Error              (PE):    0.000ns

    Location             Delay type                Incr(ns)  Path(ns)    Netlist Resource(s)
  -------------------------------------------------------------------    -------------------
                         (clock sys_clk_pin rise edge)
                                                      0.000     0.000 r  
    W5                                                0.000     0.000 r  clk (IN)
                         net (fo=0)                   0.000     0.000    clk
    W5                   IBUF (Prop_ibuf_I_O)         1.458     1.458 r  clk_IBUF_inst/O
                         net (fo=1, routed)           1.967     3.425    clk_IBUF
    BUFGCTRL_X0Y0        BUFG (Prop_bufg_I_O)         0.096     3.521 r  clk_IBUF_BUFG_inst/O
                         net (fo=20, routed)          1.625     5.146    clk_IBUF_BUFG
    SLICE_X64Y20         FDRE                                         r  refresh_counter_reg[2]/C
  -------------------------------------------------------------------    -------------------
    SLICE_X64Y20         FDRE (Prop_fdre_C_Q)         0.518     5.664 r  refresh_counter_reg[2]/Q
                         net (fo=1, routed)           0.819     6.484    refresh_counter_reg_n_0_[2]
    SLICE_X64Y20         CARRY4 (Prop_carry4_S[2]_CO[3])
                                                      0.504     6.988 r  refresh_counter_reg[0]_i_1/CO[3]
                         net (fo=1, routed)           0.000     6.988    refresh_counter_reg[0]_i_1_n_0
    SLICE_X64Y21         CARRY4 (Prop_carry4_CI_CO[3])
                                                      0.117     7.105 r  refresh_counter_reg[4]_i_1/CO[3]
                         net (fo=1, routed)           0.000     7.105    refresh_counter_reg[4]_i_1_n_0
    SLICE_X64Y22         CARRY4 (Prop_carry4_CI_O[3])
                                                      0.315     7.420 r  refresh_counter_reg[8]_i_1/O[3]
                         net (fo=1, routed)           0.000     7.420    refresh_counter_reg[8]_i_1_n_4
    SLICE_X64Y22         FDRE                                         r  refresh_counter_reg[11]/D
  -------------------------------------------------------------------    -------------------

                         (clock sys_clk_pin rise edge)
                                                     10.000    10.000 r  
    W5                                                0.000    10.000 r  clk (IN)
                         net (fo=0)                   0.000    10.000    clk
    W5                   IBUF (Prop_ibuf_I_O)         1.388    11.388 r  clk_IBUF_inst/O
                         net (fo=1, routed)           1.862    13.250    clk_IBUF
    BUFGCTRL_X0Y0        BUFG (Prop_bufg_I_O)         0.091    13.341 r  clk_IBUF_BUFG_inst/O
                         net (fo=20, routed)          1.505    14.846    clk_IBUF_BUFG
    SLICE_X64Y22         FDRE                                         r  refresh_counter_reg[11]/C
                         clock pessimism              0.274    15.120    
                         clock uncertainty           -0.035    15.085    
    SLICE_X64Y22         FDRE (Setup_fdre_C_D)        0.109    15.194    refresh_counter_reg[11]
  -------------------------------------------------------------------
                         required time                         15.194    
                         arrival time                          -7.420    
  -------------------------------------------------------------------
                         slack                                  7.774    





Min Delay Paths
--------------------------------------------------------------------------------------
Slack (MET) :             0.308ns  (arrival time - required time)
  Source:                 refresh_counter_reg[0]/C
                            (rising edge-triggered cell FDRE clocked by sys_clk_pin  {rise@0.000ns fall@5.000ns period=10.000ns})
  Destination:            refresh_counter_reg[0]/D
                            (rising edge-triggered cell FDRE clocked by sys_clk_pin  {rise@0.000ns fall@5.000ns period=10.000ns})
  Path Group:             sys_clk_pin
  Path Type:              Hold (Min at Fast Process Corner)
  Requirement:            0.000ns  (sys_clk_pin rise@0.000ns - sys_clk_pin rise@0.000ns)
  Data Path Delay:        0.442ns  (logic 0.279ns (63.107%)  route 0.163ns (36.893%))
  Logic Levels:           2  (CARRY4=1 LUT1=1)
  Clock Path Skew:        0.000ns (DCD - SCD - CPR)
    Destination Clock Delay (DCD):    1.982ns
    Source Clock Delay      (SCD):    1.469ns
    Clock Pessimism Removal (CPR):    0.513ns

    Location             Delay type                Incr(ns)  Path(ns)    Netlist Resource(s)
  -------------------------------------------------------------------    -------------------
                         (clock sys_clk_pin rise edge)
                                                      0.000     0.000 r  
    W5                                                0.000     0.000 r  clk (IN)
                         net (fo=0)                   0.000     0.000    clk
    W5                   IBUF (Prop_ibuf_I_O)         0.226     0.226 r  clk_IBUF_inst/O
                         net (fo=1, routed)           0.631     0.858    clk_IBUF
    BUFGCTRL_X0Y0        BUFG (Prop_bufg_I_O)         0.026     0.884 r  clk_IBUF_BUFG_inst/O
                         net (fo=20, routed)          0.586     1.469    clk_IBUF_BUFG
    SLICE_X64Y20         FDRE                                         r  refresh_counter_reg[0]/C
  -------------------------------------------------------------------    -------------------
    SLICE_X64Y20         FDRE (Prop_fdre_C_Q)         0.164     1.633 f  refresh_counter_reg[0]/Q
                         net (fo=1, routed)           0.163     1.796    refresh_counter_reg_n_0_[0]
    SLICE_X64Y20         LUT1 (Prop_lut1_I0_O)        0.045     1.841 r  refresh_counter[0]_i_2/O
                         net (fo=1, routed)           0.000     1.841    refresh_counter[0]_i_2_n_0
    SLICE_X64Y20         CARRY4 (Prop_carry4_S[0]_O[0])
                                                      0.070     1.911 r  refresh_counter_reg[0]_i_1/O[0]
                         net (fo=1, routed)           0.000     1.911    refresh_counter_reg[0]_i_1_n_7
    SLICE_X64Y20         FDRE                                         r  refresh_counter_reg[0]/D
  -------------------------------------------------------------------    -------------------

                         (clock sys_clk_pin rise edge)
                                                      0.000     0.000 r  
    W5                                                0.000     0.000 r  clk (IN)
                         net (fo=0)                   0.000     0.000    clk
    W5                   IBUF (Prop_ibuf_I_O)         0.414     0.414 r  clk_IBUF_inst/O
                         net (fo=1, routed)           0.685     1.099    clk_IBUF
    BUFGCTRL_X0Y0        BUFG (Prop_bufg_I_O)         0.029     1.128 r  clk_IBUF_BUFG_inst/O
                         net (fo=20, routed)          0.855     1.982    clk_IBUF_BUFG
    SLICE_X64Y20         FDRE                                         r  refresh_counter_reg[0]/C
                         clock pessimism             -0.513     1.469    
    SLICE_X64Y20         FDRE (Hold_fdre_C_D)         0.134     1.603    refresh_counter_reg[0]
  -------------------------------------------------------------------
                         required time                         -1.603    
                         arrival time                           1.911    
  -------------------------------------------------------------------
                         slack                                  0.308    

Slack (MET) :             0.315ns  (arrival time - required time)
  Source:                 refresh_counter_reg[12]/C
                            (rising edge-triggered cell FDRE clocked by sys_clk_pin  {rise@0.000ns fall@5.000ns period=10.000ns})
  Destination:            refresh_counter_reg[12]/D
                            (rising edge-triggered cell FDRE clocked by sys_clk_pin  {rise@0.000ns fall@5.000ns period=10.000ns})
  Path Group:             sys_clk_pin
  Path Type:              Hold (Min at Fast Process Corner)
  Requirement:            0.000ns  (sys_clk_pin rise@0.000ns - sys_clk_pin rise@0.000ns)
  Data Path Delay:        0.449ns  (logic 0.279ns (62.071%)  route 0.170ns (37.929%))
  Logic Levels:           1  (CARRY4=1)
  Clock Path Skew:        0.000ns (DCD - SCD - CPR)
    Destination Clock Delay (DCD):    1.978ns
    Source Clock Delay      (SCD):    1.466ns
    Clock Pessimism Removal (CPR):    0.512ns

    Location             Delay type                Incr(ns)  Path(ns)    Netlist Resource(s)
  -------------------------------------------------------------------    -------------------
                         (clock sys_clk_pin rise edge)
                                                      0.000     0.000 r  
    W5                                                0.000     0.000 r  clk (IN)
                         net (fo=0)                   0.000     0.000    clk
    W5                   IBUF (Prop_ibuf_I_O)         0.226     0.226 r  clk_IBUF_inst/O
                         net (fo=1, routed)           0.631     0.858    clk_IBUF
    BUFGCTRL_X0Y0        BUFG (Prop_bufg_I_O)         0.026     0.884 r  clk_IBUF_BUFG_inst/O
                         net (fo=20, routed)          0.583     1.466    clk_IBUF_BUFG
    SLICE_X64Y23         FDRE                                         r  refresh_counter_reg[12]/C
  -------------------------------------------------------------------    -------------------
    SLICE_X64Y23         FDRE (Prop_fdre_C_Q)         0.164     1.630 r  refresh_counter_reg[12]/Q
                         net (fo=1, routed)           0.170     1.801    refresh_counter_reg_n_0_[12]
    SLICE_X64Y23         CARRY4 (Prop_carry4_S[0]_O[0])
                                                      0.115     1.916 r  refresh_counter_reg[12]_i_1/O[0]
                         net (fo=1, routed)           0.000     1.916    refresh_counter_reg[12]_i_1_n_7
    SLICE_X64Y23         FDRE                                         r  refresh_counter_reg[12]/D
  -------------------------------------------------------------------    -------------------

                         (clock sys_clk_pin rise edge)
                                                      0.000     0.000 r  
    W5                                                0.000     0.000 r  clk (IN)
                         net (fo=0)                   0.000     0.000    clk
    W5                   IBUF (Prop_ibuf_I_O)         0.414     0.414 r  clk_IBUF_inst/O
                         net (fo=1, routed)           0.685     1.099    clk_IBUF
    BUFGCTRL_X0Y0        BUFG (Prop_bufg_I_O)         0.029     1.128 r  clk_IBUF_BUFG_inst/O
                         net (fo=20, routed)          0.851     1.978    clk_IBUF_BUFG
    SLICE_X64Y23         FDRE                                         r  refresh_counter_reg[12]/C
                         clock pessimism             -0.512     1.466    
    SLICE_X64Y23         FDRE (Hold_fdre_C_D)         0.134     1.600    refresh_counter_reg[12]
  -------------------------------------------------------------------
                         required time                         -1.600    
                         arrival time                           1.916    
  -------------------------------------------------------------------
                         slack                                  0.315    

Slack (MET) :             0.315ns  (arrival time - required time)
  Source:                 refresh_counter_reg[16]/C
                            (rising edge-triggered cell FDRE clocked by sys_clk_pin  {rise@0.000ns fall@5.000ns period=10.000ns})
  Destination:            refresh_counter_reg[16]/D
                            (rising edge-triggered cell FDRE clocked by sys_clk_pin  {rise@0.000ns fall@5.000ns period=10.000ns})
  Path Group:             sys_clk_pin
  Path Type:              Hold (Min at Fast Process Corner)
  Requirement:            0.000ns  (sys_clk_pin rise@0.000ns - sys_clk_pin rise@0.000ns)
  Data Path Delay:        0.449ns  (logic 0.279ns (62.071%)  route 0.170ns (37.929%))
  Logic Levels:           1  (CARRY4=1)
  Clock Path Skew:        0.000ns (DCD - SCD - CPR)
    Destination Clock Delay (DCD):    1.977ns
    Source Clock Delay      (SCD):    1.465ns
    Clock Pessimism Removal (CPR):    0.512ns

    Location             Delay type                Incr(ns)  Path(ns)    Netlist Resource(s)
  -------------------------------------------------------------------    -------------------
                         (clock sys_clk_pin rise edge)
                                                      0.000     0.000 r  
    W5                                                0.000     0.000 r  clk (IN)
                         net (fo=0)                   0.000     0.000    clk
    W5                   IBUF (Prop_ibuf_I_O)         0.226     0.226 r  clk_IBUF_inst/O
                         net (fo=1, routed)           0.631     0.858    clk_IBUF
    BUFGCTRL_X0Y0        BUFG (Prop_bufg_I_O)         0.026     0.884 r  clk_IBUF_BUFG_inst/O
                         net (fo=20, routed)          0.582     1.465    clk_IBUF_BUFG
    SLICE_X64Y24         FDRE                                         r  refresh_counter_reg[16]/C
  -------------------------------------------------------------------    -------------------
    SLICE_X64Y24         FDRE (Prop_fdre_C_Q)         0.164     1.629 r  refresh_counter_reg[16]/Q
                         net (fo=1, routed)           0.170     1.800    refresh_counter_reg_n_0_[16]
    SLICE_X64Y24         CARRY4 (Prop_carry4_S[0]_O[0])
                                                      0.115     1.915 r  refresh_counter_reg[16]_i_1/O[0]
                         net (fo=1, routed)           0.000     1.915    refresh_counter_reg[16]_i_1_n_7
    SLICE_X64Y24         FDRE                                         r  refresh_counter_reg[16]/D
  -------------------------------------------------------------------    -------------------

                         (clock sys_clk_pin rise edge)
                                                      0.000     0.000 r  
    W5                                                0.000     0.000 r  clk (IN)
                         net (fo=0)                   0.000     0.000    clk
    W5                   IBUF (Prop_ibuf_I_O)         0.414     0.414 r  clk_IBUF_inst/O
                         net (fo=1, routed)           0.685     1.099    clk_IBUF
    BUFGCTRL_X0Y0        BUFG (Prop_bufg_I_O)         0.029     1.128 r  clk_IBUF_BUFG_inst/O
                         net (fo=20, routed)          0.850     1.977    clk_IBUF_BUFG
    SLICE_X64Y24         FDRE                                         r  refresh_counter_reg[16]/C
                         clock pessimism             -0.512     1.465    
    SLICE_X64Y24         FDRE (Hold_fdre_C_D)         0.134     1.599    refresh_counter_reg[16]
  -------------------------------------------------------------------
                         required time                         -1.599    
                         arrival time                           1.915    
  -------------------------------------------------------------------
                         slack                                  0.315    

Slack (MET) :             0.315ns  (arrival time - required time)
  Source:                 refresh_counter_reg[4]/C
                            (rising edge-triggered cell FDRE clocked by sys_clk_pin  {rise@0.000ns fall@5.000ns period=10.000ns})
  Destination:            refresh_counter_reg[4]/D
                            (rising edge-triggered cell FDRE clocked by sys_clk_pin  {rise@0.000ns fall@5.000ns period=10.000ns})
  Path Group:             sys_clk_pin
  Path Type:              Hold (Min at Fast Process Corner)
  Requirement:            0.000ns  (sys_clk_pin rise@0.000ns - sys_clk_pin rise@0.000ns)
  Data Path Delay:        0.449ns  (logic 0.279ns (62.071%)  route 0.170ns (37.929%))
  Logic Levels:           1  (CARRY4=1)
  Clock Path Skew:        0.000ns (DCD - SCD - CPR)
    Destination Clock Delay (DCD):    1.981ns
    Source Clock Delay      (SCD):    1.468ns
    Clock Pessimism Removal (CPR):    0.513ns

    Location             Delay type                Incr(ns)  Path(ns)    Netlist Resource(s)
  -------------------------------------------------------------------    -------------------
                         (clock sys_clk_pin rise edge)
                                                      0.000     0.000 r  
    W5                                                0.000     0.000 r  clk (IN)
                         net (fo=0)                   0.000     0.000    clk
    W5                   IBUF (Prop_ibuf_I_O)         0.226     0.226 r  clk_IBUF_inst/O
                         net (fo=1, routed)           0.631     0.858    clk_IBUF
    BUFGCTRL_X0Y0        BUFG (Prop_bufg_I_O)         0.026     0.884 r  clk_IBUF_BUFG_inst/O
                         net (fo=20, routed)          0.585     1.468    clk_IBUF_BUFG
    SLICE_X64Y21         FDRE                                         r  refresh_counter_reg[4]/C
  -------------------------------------------------------------------    -------------------
    SLICE_X64Y21         FDRE (Prop_fdre_C_Q)         0.164     1.632 r  refresh_counter_reg[4]/Q
                         net (fo=1, routed)           0.170     1.803    refresh_counter_reg_n_0_[4]
    SLICE_X64Y21         CARRY4 (Prop_carry4_S[0]_O[0])
                                                      0.115     1.918 r  refresh_counter_reg[4]_i_1/O[0]
                         net (fo=1, routed)           0.000     1.918    refresh_counter_reg[4]_i_1_n_7
    SLICE_X64Y21         FDRE                                         r  refresh_counter_reg[4]/D
  -------------------------------------------------------------------    -------------------

                         (clock sys_clk_pin rise edge)
                                                      0.000     0.000 r  
    W5                                                0.000     0.000 r  clk (IN)
                         net (fo=0)                   0.000     0.000    clk
    W5                   IBUF (Prop_ibuf_I_O)         0.414     0.414 r  clk_IBUF_inst/O
                         net (fo=1, routed)           0.685     1.099    clk_IBUF
    BUFGCTRL_X0Y0        BUFG (Prop_bufg_I_O)         0.029     1.128 r  clk_IBUF_BUFG_inst/O
                         net (fo=20, routed)          0.854     1.981    clk_IBUF_BUFG
    SLICE_X64Y21         FDRE                                         r  refresh_counter_reg[4]/C
                         clock pessimism             -0.513     1.468    
    SLICE_X64Y21         FDRE (Hold_fdre_C_D)         0.134     1.602    refresh_counter_reg[4]
  -------------------------------------------------------------------
                         required time                         -1.602    
                         arrival time                           1.918    
  -------------------------------------------------------------------
                         slack                                  0.315    

Slack (MET) :             0.315ns  (arrival time - required time)
  Source:                 refresh_counter_reg[8]/C
                            (rising edge-triggered cell FDRE clocked by sys_clk_pin  {rise@0.000ns fall@5.000ns period=10.000ns})
  Destination:            refresh_counter_reg[8]/D
                            (rising edge-triggered cell FDRE clocked by sys_clk_pin  {rise@0.000ns fall@5.000ns period=10.000ns})
  Path Group:             sys_clk_pin
  Path Type:              Hold (Min at Fast Process Corner)
  Requirement:            0.000ns  (sys_clk_pin rise@0.000ns - sys_clk_pin rise@0.000ns)
  Data Path Delay:        0.449ns  (logic 0.279ns (62.071%)  route 0.170ns (37.929%))
  Logic Levels:           1  (CARRY4=1)
  Clock Path Skew:        0.000ns (DCD - SCD - CPR)
    Destination Clock Delay (DCD):    1.980ns
    Source Clock Delay      (SCD):    1.468ns
    Clock Pessimism Removal (CPR):    0.512ns

    Location             Delay type                Incr(ns)  Path(ns)    Netlist Resource(s)
  -------------------------------------------------------------------    -------------------
                         (clock sys_clk_pin rise edge)
                                                      0.000     0.000 r  
    W5                                                0.000     0.000 r  clk (IN)
                         net (fo=0)                   0.000     0.000    clk
    W5                   IBUF (Prop_ibuf_I_O)         0.226     0.226 r  clk_IBUF_inst/O
                         net (fo=1, routed)           0.631     0.858    clk_IBUF
    BUFGCTRL_X0Y0        BUFG (Prop_bufg_I_O)         0.026     0.884 r  clk_IBUF_BUFG_inst/O
                         net (fo=20, routed)          0.585     1.468    clk_IBUF_BUFG
    SLICE_X64Y22         FDRE                                         r  refresh_counter_reg[8]/C
  -------------------------------------------------------------------    -------------------
    SLICE_X64Y22         FDRE (Prop_fdre_C_Q)         0.164     1.632 r  refresh_counter_reg[8]/Q
                         net (fo=1, routed)           0.170     1.803    refresh_counter_reg_n_0_[8]
    SLICE_X64Y22         CARRY4 (Prop_carry4_S[0]_O[0])
                                                      0.115     1.918 r  refresh_counter_reg[8]_i_1/O[0]
                         net (fo=1, routed)           0.000     1.918    refresh_counter_reg[8]_i_1_n_7
    SLICE_X64Y22         FDRE                                         r  refresh_counter_reg[8]/D
  -------------------------------------------------------------------    -------------------

                         (clock sys_clk_pin rise edge)
                                                      0.000     0.000 r  
    W5                                                0.000     0.000 r  clk (IN)
                         net (fo=0)                   0.000     0.000    clk
    W5                   IBUF (Prop_ibuf_I_O)         0.414     0.414 r  clk_IBUF_inst/O
                         net (fo=1, routed)           0.685     1.099    clk_IBUF
    BUFGCTRL_X0Y0        BUFG (Prop_bufg_I_O)         0.029     1.128 r  clk_IBUF_BUFG_inst/O
                         net (fo=20, routed)          0.853     1.980    clk_IBUF_BUFG
    SLICE_X64Y22         FDRE                                         r  refresh_counter_reg[8]/C
                         clock pessimism             -0.512     1.468    
    SLICE_X64Y22         FDRE (Hold_fdre_C_D)         0.134     1.602    refresh_counter_reg[8]
  -------------------------------------------------------------------
                         required time                         -1.602    
                         arrival time                           1.918    
  -------------------------------------------------------------------
                         slack                                  0.315    

Slack (MET) :             0.343ns  (arrival time - required time)
  Source:                 refresh_counter_reg[0]/C
                            (rising edge-triggered cell FDRE clocked by sys_clk_pin  {rise@0.000ns fall@5.000ns period=10.000ns})
  Destination:            refresh_counter_reg[1]/D
                            (rising edge-triggered cell FDRE clocked by sys_clk_pin  {rise@0.000ns fall@5.000ns period=10.000ns})
  Path Group:             sys_clk_pin
  Path Type:              Hold (Min at Fast Process Corner)
  Requirement:            0.000ns  (sys_clk_pin rise@0.000ns - sys_clk_pin rise@0.000ns)
  Data Path Delay:        0.477ns  (logic 0.314ns (65.814%)  route 0.163ns (34.186%))
  Logic Levels:           2  (CARRY4=1 LUT1=1)
  Clock Path Skew:        0.000ns (DCD - SCD - CPR)
    Destination Clock Delay (DCD):    1.982ns
    Source Clock Delay      (SCD):    1.469ns
    Clock Pessimism Removal (CPR):    0.513ns

    Location             Delay type                Incr(ns)  Path(ns)    Netlist Resource(s)
  -------------------------------------------------------------------    -------------------
                         (clock sys_clk_pin rise edge)
                                                      0.000     0.000 r  
    W5                                                0.000     0.000 r  clk (IN)
                         net (fo=0)                   0.000     0.000    clk
    W5                   IBUF (Prop_ibuf_I_O)         0.226     0.226 r  clk_IBUF_inst/O
                         net (fo=1, routed)           0.631     0.858    clk_IBUF
    BUFGCTRL_X0Y0        BUFG (Prop_bufg_I_O)         0.026     0.884 r  clk_IBUF_BUFG_inst/O
                         net (fo=20, routed)          0.586     1.469    clk_IBUF_BUFG
    SLICE_X64Y20         FDRE                                         r  refresh_counter_reg[0]/C
  -------------------------------------------------------------------    -------------------
    SLICE_X64Y20         FDRE (Prop_fdre_C_Q)         0.164     1.633 f  refresh_counter_reg[0]/Q
                         net (fo=1, routed)           0.163     1.796    refresh_counter_reg_n_0_[0]
    SLICE_X64Y20         LUT1 (Prop_lut1_I0_O)        0.045     1.841 r  refresh_counter[0]_i_2/O
                         net (fo=1, routed)           0.000     1.841    refresh_counter[0]_i_2_n_0
    SLICE_X64Y20         CARRY4 (Prop_carry4_S[0]_O[1])
                                                      0.105     1.946 r  refresh_counter_reg[0]_i_1/O[1]
                         net (fo=1, routed)           0.000     1.946    refresh_counter_reg[0]_i_1_n_6
    SLICE_X64Y20         FDRE                                         r  refresh_counter_reg[1]/D
  -------------------------------------------------------------------    -------------------

                         (clock sys_clk_pin rise edge)
                                                      0.000     0.000 r  
    W5                                                0.000     0.000 r  clk (IN)
                         net (fo=0)                   0.000     0.000    clk
    W5                   IBUF (Prop_ibuf_I_O)         0.414     0.414 r  clk_IBUF_inst/O
                         net (fo=1, routed)           0.685     1.099    clk_IBUF
    BUFGCTRL_X0Y0        BUFG (Prop_bufg_I_O)         0.029     1.128 r  clk_IBUF_BUFG_inst/O
                         net (fo=20, routed)          0.855     1.982    clk_IBUF_BUFG
    SLICE_X64Y20         FDRE                                         r  refresh_counter_reg[1]/C
                         clock pessimism             -0.513     1.469    
    SLICE_X64Y20         FDRE (Hold_fdre_C_D)         0.134     1.603    refresh_counter_reg[1]
  -------------------------------------------------------------------
                         required time                         -1.603    
                         arrival time                           1.946    
  -------------------------------------------------------------------
                         slack                                  0.343    

Slack (MET) :             0.350ns  (arrival time - required time)
  Source:                 refresh_counter_reg[12]/C
                            (rising edge-triggered cell FDRE clocked by sys_clk_pin  {rise@0.000ns fall@5.000ns period=10.000ns})
  Destination:            refresh_counter_reg[13]/D
                            (rising edge-triggered cell FDRE clocked by sys_clk_pin  {rise@0.000ns fall@5.000ns period=10.000ns})
  Path Group:             sys_clk_pin
  Path Type:              Hold (Min at Fast Process Corner)
  Requirement:            0.000ns  (sys_clk_pin rise@0.000ns - sys_clk_pin rise@0.000ns)
  Data Path Delay:        0.484ns  (logic 0.314ns (64.811%)  route 0.170ns (35.189%))
  Logic Levels:           1  (CARRY4=1)
  Clock Path Skew:        0.000ns (DCD - SCD - CPR)
    Destination Clock Delay (DCD):    1.978ns
    Source Clock Delay      (SCD):    1.466ns
    Clock Pessimism Removal (CPR):    0.512ns

    Location             Delay type                Incr(ns)  Path(ns)    Netlist Resource(s)
  -------------------------------------------------------------------    -------------------
                         (clock sys_clk_pin rise edge)
                                                      0.000     0.000 r  
    W5                                                0.000     0.000 r  clk (IN)
                         net (fo=0)                   0.000     0.000    clk
    W5                   IBUF (Prop_ibuf_I_O)         0.226     0.226 r  clk_IBUF_inst/O
                         net (fo=1, routed)           0.631     0.858    clk_IBUF
    BUFGCTRL_X0Y0        BUFG (Prop_bufg_I_O)         0.026     0.884 r  clk_IBUF_BUFG_inst/O
                         net (fo=20, routed)          0.583     1.466    clk_IBUF_BUFG
    SLICE_X64Y23         FDRE                                         r  refresh_counter_reg[12]/C
  -------------------------------------------------------------------    -------------------
    SLICE_X64Y23         FDRE (Prop_fdre_C_Q)         0.164     1.630 r  refresh_counter_reg[12]/Q
                         net (fo=1, routed)           0.170     1.801    refresh_counter_reg_n_0_[12]
    SLICE_X64Y23         CARRY4 (Prop_carry4_S[0]_O[1])
                                                      0.150     1.951 r  refresh_counter_reg[12]_i_1/O[1]
                         net (fo=1, routed)           0.000     1.951    refresh_counter_reg[12]_i_1_n_6
    SLICE_X64Y23         FDRE                                         r  refresh_counter_reg[13]/D
  -------------------------------------------------------------------    -------------------

                         (clock sys_clk_pin rise edge)
                                                      0.000     0.000 r  
    W5                                                0.000     0.000 r  clk (IN)
                         net (fo=0)                   0.000     0.000    clk
    W5                   IBUF (Prop_ibuf_I_O)         0.414     0.414 r  clk_IBUF_inst/O
                         net (fo=1, routed)           0.685     1.099    clk_IBUF
    BUFGCTRL_X0Y0        BUFG (Prop_bufg_I_O)         0.029     1.128 r  clk_IBUF_BUFG_inst/O
                         net (fo=20, routed)          0.851     1.978    clk_IBUF_BUFG
    SLICE_X64Y23         FDRE                                         r  refresh_counter_reg[13]/C
                         clock pessimism             -0.512     1.466    
    SLICE_X64Y23         FDRE (Hold_fdre_C_D)         0.134     1.600    refresh_counter_reg[13]
  -------------------------------------------------------------------
                         required time                         -1.600    
                         arrival time                           1.951    
  -------------------------------------------------------------------
                         slack                                  0.350    

Slack (MET) :             0.350ns  (arrival time - required time)
  Source:                 refresh_counter_reg[16]/C
                            (rising edge-triggered cell FDRE clocked by sys_clk_pin  {rise@0.000ns fall@5.000ns period=10.000ns})
  Destination:            refresh_counter_reg[17]/D
                            (rising edge-triggered cell FDRE clocked by sys_clk_pin  {rise@0.000ns fall@5.000ns period=10.000ns})
  Path Group:             sys_clk_pin
  Path Type:              Hold (Min at Fast Process Corner)
  Requirement:            0.000ns  (sys_clk_pin rise@0.000ns - sys_clk_pin rise@0.000ns)
  Data Path Delay:        0.484ns  (logic 0.314ns (64.811%)  route 0.170ns (35.189%))
  Logic Levels:           1  (CARRY4=1)
  Clock Path Skew:        0.000ns (DCD - SCD - CPR)
    Destination Clock Delay (DCD):    1.977ns
    Source Clock Delay      (SCD):    1.465ns
    Clock Pessimism Removal (CPR):    0.512ns

    Location             Delay type                Incr(ns)  Path(ns)    Netlist Resource(s)
  -------------------------------------------------------------------    -------------------
                         (clock sys_clk_pin rise edge)
                                                      0.000     0.000 r  
    W5                                                0.000     0.000 r  clk (IN)
                         net (fo=0)                   0.000     0.000    clk
    W5                   IBUF (Prop_ibuf_I_O)         0.226     0.226 r  clk_IBUF_inst/O
                         net (fo=1, routed)           0.631     0.858    clk_IBUF
    BUFGCTRL_X0Y0        BUFG (Prop_bufg_I_O)         0.026     0.884 r  clk_IBUF_BUFG_inst/O
                         net (fo=20, routed)          0.582     1.465    clk_IBUF_BUFG
    SLICE_X64Y24         FDRE                                         r  refresh_counter_reg[16]/C
  -------------------------------------------------------------------    -------------------
    SLICE_X64Y24         FDRE (Prop_fdre_C_Q)         0.164     1.629 r  refresh_counter_reg[16]/Q
                         net (fo=1, routed)           0.170     1.800    refresh_counter_reg_n_0_[16]
    SLICE_X64Y24         CARRY4 (Prop_carry4_S[0]_O[1])
                                                      0.150     1.950 r  refresh_counter_reg[16]_i_1/O[1]
                         net (fo=1, routed)           0.000     1.950    refresh_counter_reg[16]_i_1_n_6
    SLICE_X64Y24         FDRE                                         r  refresh_counter_reg[17]/D
  -------------------------------------------------------------------    -------------------

                         (clock sys_clk_pin rise edge)
                                                      0.000     0.000 r  
    W5                                                0.000     0.000 r  clk (IN)
                         net (fo=0)                   0.000     0.000    clk
    W5                   IBUF (Prop_ibuf_I_O)         0.414     0.414 r  clk_IBUF_inst/O
                         net (fo=1, routed)           0.685     1.099    clk_IBUF
    BUFGCTRL_X0Y0        BUFG (Prop_bufg_I_O)         0.029     1.128 r  clk_IBUF_BUFG_inst/O
                         net (fo=20, routed)          0.850     1.977    clk_IBUF_BUFG
    SLICE_X64Y24         FDRE                                         r  refresh_counter_reg[17]/C
                         clock pessimism             -0.512     1.465    
    SLICE_X64Y24         FDRE (Hold_fdre_C_D)         0.134     1.599    refresh_counter_reg[17]
  -------------------------------------------------------------------
                         required time                         -1.599    
                         arrival time                           1.950    
  -------------------------------------------------------------------
                         slack                                  0.350    

Slack (MET) :             0.350ns  (arrival time - required time)
  Source:                 refresh_counter_reg[4]/C
                            (rising edge-triggered cell FDRE clocked by sys_clk_pin  {rise@0.000ns fall@5.000ns period=10.000ns})
  Destination:            refresh_counter_reg[5]/D
                            (rising edge-triggered cell FDRE clocked by sys_clk_pin  {rise@0.000ns fall@5.000ns period=10.000ns})
  Path Group:             sys_clk_pin
  Path Type:              Hold (Min at Fast Process Corner)
  Requirement:            0.000ns  (sys_clk_pin rise@0.000ns - sys_clk_pin rise@0.000ns)
  Data Path Delay:        0.484ns  (logic 0.314ns (64.811%)  route 0.170ns (35.189%))
  Logic Levels:           1  (CARRY4=1)
  Clock Path Skew:        0.000ns (DCD - SCD - CPR)
    Destination Clock Delay (DCD):    1.981ns
    Source Clock Delay      (SCD):    1.468ns
    Clock Pessimism Removal (CPR):    0.513ns

    Location             Delay type                Incr(ns)  Path(ns)    Netlist Resource(s)
  -------------------------------------------------------------------    -------------------
                         (clock sys_clk_pin rise edge)
                                                      0.000     0.000 r  
    W5                                                0.000     0.000 r  clk (IN)
                         net (fo=0)                   0.000     0.000    clk
    W5                   IBUF (Prop_ibuf_I_O)         0.226     0.226 r  clk_IBUF_inst/O
                         net (fo=1, routed)           0.631     0.858    clk_IBUF
    BUFGCTRL_X0Y0        BUFG (Prop_bufg_I_O)         0.026     0.884 r  clk_IBUF_BUFG_inst/O
                         net (fo=20, routed)          0.585     1.468    clk_IBUF_BUFG
    SLICE_X64Y21         FDRE                                         r  refresh_counter_reg[4]/C
  -------------------------------------------------------------------    -------------------
    SLICE_X64Y21         FDRE (Prop_fdre_C_Q)         0.164     1.632 r  refresh_counter_reg[4]/Q
                         net (fo=1, routed)           0.170     1.803    refresh_counter_reg_n_0_[4]
    SLICE_X64Y21         CARRY4 (Prop_carry4_S[0]_O[1])
                                                      0.150     1.953 r  refresh_counter_reg[4]_i_1/O[1]
                         net (fo=1, routed)           0.000     1.953    refresh_counter_reg[4]_i_1_n_6
    SLICE_X64Y21         FDRE                                         r  refresh_counter_reg[5]/D
  -------------------------------------------------------------------    -------------------

                         (clock sys_clk_pin rise edge)
                                                      0.000     0.000 r  
    W5                                                0.000     0.000 r  clk (IN)
                         net (fo=0)                   0.000     0.000    clk
    W5                   IBUF (Prop_ibuf_I_O)         0.414     0.414 r  clk_IBUF_inst/O
                         net (fo=1, routed)           0.685     1.099    clk_IBUF
    BUFGCTRL_X0Y0        BUFG (Prop_bufg_I_O)         0.029     1.128 r  clk_IBUF_BUFG_inst/O
                         net (fo=20, routed)          0.854     1.981    clk_IBUF_BUFG
    SLICE_X64Y21         FDRE                                         r  refresh_counter_reg[5]/C
                         clock pessimism             -0.513     1.468    
    SLICE_X64Y21         FDRE (Hold_fdre_C_D)         0.134     1.602    refresh_counter_reg[5]
  -------------------------------------------------------------------
                         required time                         -1.602    
                         arrival time                           1.953    
  -------------------------------------------------------------------
                         slack                                  0.350    

Slack (MET) :             0.350ns  (arrival time - required time)
  Source:                 refresh_counter_reg[8]/C
                            (rising edge-triggered cell FDRE clocked by sys_clk_pin  {rise@0.000ns fall@5.000ns period=10.000ns})
  Destination:            refresh_counter_reg[9]/D
                            (rising edge-triggered cell FDRE clocked by sys_clk_pin  {rise@0.000ns fall@5.000ns period=10.000ns})
  Path Group:             sys_clk_pin
  Path Type:              Hold (Min at Fast Process Corner)
  Requirement:            0.000ns  (sys_clk_pin rise@0.000ns - sys_clk_pin rise@0.000ns)
  Data Path Delay:        0.484ns  (logic 0.314ns (64.811%)  route 0.170ns (35.189%))
  Logic Levels:           1  (CARRY4=1)
  Clock Path Skew:        0.000ns (DCD - SCD - CPR)
    Destination Clock Delay (DCD):    1.980ns
    Source Clock Delay      (SCD):    1.468ns
    Clock Pessimism Removal (CPR):    0.512ns

    Location             Delay type                Incr(ns)  Path(ns)    Netlist Resource(s)
  -------------------------------------------------------------------    -------------------
                         (clock sys_clk_pin rise edge)
                                                      0.000     0.000 r  
    W5                                                0.000     0.000 r  clk (IN)
                         net (fo=0)                   0.000     0.000    clk
    W5                   IBUF (Prop_ibuf_I_O)         0.226     0.226 r  clk_IBUF_inst/O
                         net (fo=1, routed)           0.631     0.858    clk_IBUF
    BUFGCTRL_X0Y0        BUFG (Prop_bufg_I_O)         0.026     0.884 r  clk_IBUF_BUFG_inst/O
                         net (fo=20, routed)          0.585     1.468    clk_IBUF_BUFG
    SLICE_X64Y22         FDRE                                         r  refresh_counter_reg[8]/C
  -------------------------------------------------------------------    -------------------
    SLICE_X64Y22         FDRE (Prop_fdre_C_Q)         0.164     1.632 r  refresh_counter_reg[8]/Q
                         net (fo=1, routed)           0.170     1.803    refresh_counter_reg_n_0_[8]
    SLICE_X64Y22         CARRY4 (Prop_carry4_S[0]_O[1])
                                                      0.150     1.953 r  refresh_counter_reg[8]_i_1/O[1]
                         net (fo=1, routed)           0.000     1.953    refresh_counter_reg[8]_i_1_n_6
    SLICE_X64Y22         FDRE                                         r  refresh_counter_reg[9]/D
  -------------------------------------------------------------------    -------------------

                         (clock sys_clk_pin rise edge)
                                                      0.000     0.000 r  
    W5                                                0.000     0.000 r  clk (IN)
                         net (fo=0)                   0.000     0.000    clk
    W5                   IBUF (Prop_ibuf_I_O)         0.414     0.414 r  clk_IBUF_inst/O
                         net (fo=1, routed)           0.685     1.099    clk_IBUF
    BUFGCTRL_X0Y0        BUFG (Prop_bufg_I_O)         0.029     1.128 r  clk_IBUF_BUFG_inst/O
                         net (fo=20, routed)          0.853     1.980    clk_IBUF_BUFG
    SLICE_X64Y22         FDRE                                         r  refresh_counter_reg[9]/C
                         clock pessimism             -0.512     1.468    
    SLICE_X64Y22         FDRE (Hold_fdre_C_D)         0.134     1.602    refresh_counter_reg[9]
  -------------------------------------------------------------------
                         required time                         -1.602    
                         arrival time                           1.953    
  -------------------------------------------------------------------
                         slack                                  0.350    





Pulse Width Checks
--------------------------------------------------------------------------------------
Clock Name:         sys_clk_pin
Waveform(ns):       { 0.000 5.000 }
Period(ns):         10.000
Sources:            { clk }

Check Type        Corner  Lib Pin  Reference Pin  Required(ns)  Actual(ns)  Slack(ns)  Location       Pin
Min Period        n/a     BUFG/I   n/a            2.155         10.000      7.845      BUFGCTRL_X0Y0  clk_IBUF_BUFG_inst/I
Min Period        n/a     FDRE/C   n/a            1.000         10.000      9.000      SLICE_X64Y20   refresh_counter_reg[0]/C
Min Period        n/a     FDRE/C   n/a            1.000         10.000      9.000      SLICE_X64Y22   refresh_counter_reg[10]/C
Min Period        n/a     FDRE/C   n/a            1.000         10.000      9.000      SLICE_X64Y22   refresh_counter_reg[11]/C
Min Period        n/a     FDRE/C   n/a            1.000         10.000      9.000      SLICE_X64Y23   refresh_counter_reg[12]/C
Min Period        n/a     FDRE/C   n/a            1.000         10.000      9.000      SLICE_X64Y23   refresh_counter_reg[13]/C
Min Period        n/a     FDRE/C   n/a            1.000         10.000      9.000      SLICE_X64Y23   refresh_counter_reg[14]/C
Min Period        n/a     FDRE/C   n/a            1.000         10.000      9.000      SLICE_X64Y23   refresh_counter_reg[15]/C
Min Period        n/a     FDRE/C   n/a            1.000         10.000      9.000      SLICE_X64Y24   refresh_counter_reg[16]/C
Min Period        n/a     FDRE/C   n/a            1.000         10.000      9.000      SLICE_X64Y24   refresh_counter_reg[17]/C
Low Pulse Width   Slow    FDRE/C   n/a            0.500         5.000       4.500      SLICE_X64Y20   refresh_counter_reg[0]/C
Low Pulse Width   Fast    FDRE/C   n/a            0.500         5.000       4.500      SLICE_X64Y20   refresh_counter_reg[0]/C
Low Pulse Width   Slow    FDRE/C   n/a            0.500         5.000       4.500      SLICE_X64Y22   refresh_counter_reg[10]/C
Low Pulse Width   Fast    FDRE/C   n/a            0.500         5.000       4.500      SLICE_X64Y22   refresh_counter_reg[10]/C
Low Pulse Width   Slow    FDRE/C   n/a            0.500         5.000       4.500      SLICE_X64Y22   refresh_counter_reg[11]/C
Low Pulse Width   Fast    FDRE/C   n/a            0.500         5.000       4.500      SLICE_X64Y22   refresh_counter_reg[11]/C
Low Pulse Width   Slow    FDRE/C   n/a            0.500         5.000       4.500      SLICE_X64Y23   refresh_counter_reg[12]/C
Low Pulse Width   Fast    FDRE/C   n/a            0.500         5.000       4.500      SLICE_X64Y23   refresh_counter_reg[12]/C
Low Pulse Width   Slow    FDRE/C   n/a            0.500         5.000       4.500      SLICE_X64Y23   refresh_counter_reg[13]/C
Low Pulse Width   Fast    FDRE/C   n/a            0.500         5.000       4.500      SLICE_X64Y23   refresh_counter_reg[13]/C
High Pulse Width  Slow    FDRE/C   n/a            0.500         5.000       4.500      SLICE_X64Y20   refresh_counter_reg[0]/C
High Pulse Width  Fast    FDRE/C   n/a            0.500         5.000       4.500      SLICE_X64Y20   refresh_counter_reg[0]/C
High Pulse Width  Slow    FDRE/C   n/a            0.500         5.000       4.500      SLICE_X64Y22   refresh_counter_reg[10]/C
High Pulse Width  Fast    FDRE/C   n/a            0.500         5.000       4.500      SLICE_X64Y22   refresh_counter_reg[10]/C
High Pulse Width  Slow    FDRE/C   n/a            0.500         5.000       4.500      SLICE_X64Y22   refresh_counter_reg[11]/C
High Pulse Width  Fast    FDRE/C   n/a            0.500         5.000       4.500      SLICE_X64Y22   refresh_counter_reg[11]/C
High Pulse Width  Slow    FDRE/C   n/a            0.500         5.000       4.500      SLICE_X64Y23   refresh_counter_reg[12]/C
High Pulse Width  Fast    FDRE/C   n/a            0.500         5.000       4.500      SLICE_X64Y23   refresh_counter_reg[12]/C
High Pulse Width  Slow    FDRE/C   n/a            0.500         5.000       4.500      SLICE_X64Y23   refresh_counter_reg[13]/C
High Pulse Width  Fast    FDRE/C   n/a            0.500         5.000       4.500      SLICE_X64Y23   refresh_counter_reg[13]/C



--------------------------------------------------------------------------------------
Path Group:  (none)
From Clock:  
  To Clock:  

Max Delay             7 Endpoints
Min Delay             7 Endpoints
--------------------------------------------------------------------------------------


Max Delay Paths
--------------------------------------------------------------------------------------
Slack:                    inf
  Source:                 sw[6]
                            (input port)
  Destination:            seg[0]
                            (output port)
  Path Group:             (none)
  Path Type:              Max at Slow Process Corner
  Data Path Delay:        12.025ns  (logic 5.459ns (45.399%)  route 6.566ns (54.601%))
  Logic Levels:           4  (IBUF=1 LUT4=1 LUT6=1 OBUF=1)

    Location             Delay type                Incr(ns)  Path(ns)    Netlist Resource(s)
  -------------------------------------------------------------------    -------------------
    W14                                               0.000     0.000 r  sw[6] (IN)
                         net (fo=0)                   0.000     0.000    sw[6]
    W14                  IBUF (Prop_ibuf_I_O)         1.450     1.450 r  sw_IBUF[6]_inst/O
                         net (fo=1, routed)           3.677     5.126    sw_IBUF[6]
    SLICE_X65Y24         LUT6 (Prop_lut6_I5_O)        0.124     5.250 r  seg_OBUF[6]_inst_i_3/O
                         net (fo=7, routed)           0.966     6.216    current_hex[2]
    SLICE_X65Y22         LUT4 (Prop_lut4_I2_O)        0.152     6.368 r  seg_OBUF[0]_inst_i_1/O
                         net (fo=1, routed)           1.923     8.292    seg_OBUF[0]
    U7                   OBUF (Prop_obuf_I_O)         3.733    12.025 r  seg_OBUF[0]_inst/O
                         net (fo=0)                   0.000    12.025    seg[0]
    U7                                                                r  seg[0] (OUT)
  -------------------------------------------------------------------    -------------------

Slack:                    inf
  Source:                 sw[7]
                            (input port)
  Destination:            seg[5]
                            (output port)
  Path Group:             (none)
  Path Type:              Max at Slow Process Corner
  Data Path Delay:        11.851ns  (logic 5.469ns (46.150%)  route 6.381ns (53.850%))
  Logic Levels:           4  (IBUF=1 LUT4=1 LUT6=1 OBUF=1)

    Location             Delay type                Incr(ns)  Path(ns)    Netlist Resource(s)
  -------------------------------------------------------------------    -------------------
    W13                                               0.000     0.000 r  sw[7] (IN)
                         net (fo=0)                   0.000     0.000    sw[7]
    W13                  IBUF (Prop_ibuf_I_O)         1.459     1.459 r  sw_IBUF[7]_inst/O
                         net (fo=1, routed)           3.731     5.190    sw_IBUF[7]
    SLICE_X65Y24         LUT6 (Prop_lut6_I5_O)        0.124     5.314 r  seg_OBUF[6]_inst_i_2/O
                         net (fo=7, routed)           0.974     6.288    current_hex[3]
    SLICE_X65Y22         LUT4 (Prop_lut4_I0_O)        0.154     6.442 r  seg_OBUF[5]_inst_i_1/O
                         net (fo=1, routed)           1.676     8.118    seg_OBUF[5]
    W6                   OBUF (Prop_obuf_I_O)         3.732    11.851 r  seg_OBUF[5]_inst/O
                         net (fo=0)                   0.000    11.851    seg[5]
    W6                                                                r  seg[5] (OUT)
  -------------------------------------------------------------------    -------------------

Slack:                    inf
  Source:                 sw[7]
                            (input port)
  Destination:            seg[3]
                            (output port)
  Path Group:             (none)
  Path Type:              Max at Slow Process Corner
  Data Path Delay:        11.823ns  (logic 5.478ns (46.338%)  route 6.344ns (53.662%))
  Logic Levels:           4  (IBUF=1 LUT4=1 LUT6=1 OBUF=1)

    Location             Delay type                Incr(ns)  Path(ns)    Netlist Resource(s)
  -------------------------------------------------------------------    -------------------
    W13                                               0.000     0.000 r  sw[7] (IN)
                         net (fo=0)                   0.000     0.000    sw[7]
    W13                  IBUF (Prop_ibuf_I_O)         1.459     1.459 r  sw_IBUF[7]_inst/O
                         net (fo=1, routed)           3.731     5.190    sw_IBUF[7]
    SLICE_X65Y24         LUT6 (Prop_lut6_I5_O)        0.124     5.314 r  seg_OBUF[6]_inst_i_2/O
                         net (fo=7, routed)           0.806     6.120    current_hex[3]
    SLICE_X65Y22         LUT4 (Prop_lut4_I0_O)        0.152     6.272 r  seg_OBUF[3]_inst_i_1/O
                         net (fo=1, routed)           1.807     8.079    seg_OBUF[3]
    V8                   OBUF (Prop_obuf_I_O)         3.744    11.823 r  seg_OBUF[3]_inst/O
                         net (fo=0)                   0.000    11.823    seg[3]
    V8                                                                r  seg[3] (OUT)
  -------------------------------------------------------------------    -------------------

Slack:                    inf
  Source:                 sw[6]
                            (input port)
  Destination:            seg[1]
                            (output port)
  Path Group:             (none)
  Path Type:              Max at Slow Process Corner
  Data Path Delay:        11.697ns  (logic 5.202ns (44.476%)  route 6.494ns (55.524%))
  Logic Levels:           4  (IBUF=1 LUT4=1 LUT6=1 OBUF=1)

    Location             Delay type                Incr(ns)  Path(ns)    Netlist Resource(s)
  -------------------------------------------------------------------    -------------------
    W14                                               0.000     0.000 r  sw[6] (IN)
                         net (fo=0)                   0.000     0.000    sw[6]
    W14                  IBUF (Prop_ibuf_I_O)         1.450     1.450 r  sw_IBUF[6]_inst/O
                         net (fo=1, routed)           3.677     5.126    sw_IBUF[6]
    SLICE_X65Y24         LUT6 (Prop_lut6_I5_O)        0.124     5.250 r  seg_OBUF[6]_inst_i_3/O
                         net (fo=7, routed)           0.966     6.216    current_hex[2]
    SLICE_X65Y22         LUT4 (Prop_lut4_I1_O)        0.124     6.340 r  seg_OBUF[1]_inst_i_1/O
                         net (fo=1, routed)           1.852     8.192    seg_OBUF[1]
    V5                   OBUF (Prop_obuf_I_O)         3.504    11.697 r  seg_OBUF[1]_inst/O
                         net (fo=0)                   0.000    11.697    seg[1]
    V5                                                                r  seg[1] (OUT)
  -------------------------------------------------------------------    -------------------

Slack:                    inf
  Source:                 sw[7]
                            (input port)
  Destination:            seg[2]
                            (output port)
  Path Group:             (none)
  Path Type:              Max at Slow Process Corner
  Data Path Delay:        11.630ns  (logic 5.227ns (44.942%)  route 6.403ns (55.058%))
  Logic Levels:           4  (IBUF=1 LUT4=1 LUT6=1 OBUF=1)

    Location             Delay type                Incr(ns)  Path(ns)    Netlist Resource(s)
  -------------------------------------------------------------------    -------------------
    W13                                               0.000     0.000 f  sw[7] (IN)
                         net (fo=0)                   0.000     0.000    sw[7]
    W13                  IBUF (Prop_ibuf_I_O)         1.459     1.459 f  sw_IBUF[7]_inst/O
                         net (fo=1, routed)           3.731     5.190    sw_IBUF[7]
    SLICE_X65Y24         LUT6 (Prop_lut6_I5_O)        0.124     5.314 f  seg_OBUF[6]_inst_i_2/O
                         net (fo=7, routed)           0.806     6.120    current_hex[3]
    SLICE_X65Y22         LUT4 (Prop_lut4_I0_O)        0.124     6.244 r  seg_OBUF[2]_inst_i_1/O
                         net (fo=1, routed)           1.866     8.110    seg_OBUF[2]
    U5                   OBUF (Prop_obuf_I_O)         3.520    11.630 r  seg_OBUF[2]_inst/O
                         net (fo=0)                   0.000    11.630    seg[2]
    U5                                                                r  seg[2] (OUT)
  -------------------------------------------------------------------    -------------------

Slack:                    inf
  Source:                 sw[7]
                            (input port)
  Destination:            seg[4]
                            (output port)
  Path Group:             (none)
  Path Type:              Max at Slow Process Corner
  Data Path Delay:        11.608ns  (logic 5.242ns (45.160%)  route 6.366ns (54.840%))
  Logic Levels:           4  (IBUF=1 LUT4=1 LUT6=1 OBUF=1)

    Location             Delay type                Incr(ns)  Path(ns)    Netlist Resource(s)
  -------------------------------------------------------------------    -------------------
    W13                                               0.000     0.000 r  sw[7] (IN)
                         net (fo=0)                   0.000     0.000    sw[7]
    W13                  IBUF (Prop_ibuf_I_O)         1.459     1.459 r  sw_IBUF[7]_inst/O
                         net (fo=1, routed)           3.731     5.190    sw_IBUF[7]
    SLICE_X65Y24         LUT6 (Prop_lut6_I5_O)        0.124     5.314 r  seg_OBUF[6]_inst_i_2/O
                         net (fo=7, routed)           0.974     6.288    current_hex[3]
    SLICE_X65Y22         LUT4 (Prop_lut4_I0_O)        0.124     6.412 r  seg_OBUF[4]_inst_i_1/O
                         net (fo=1, routed)           1.661     8.072    seg_OBUF[4]
    U8                   OBUF (Prop_obuf_I_O)         3.535    11.608 r  seg_OBUF[4]_inst/O
                         net (fo=0)                   0.000    11.608    seg[4]
    U8                                                                r  seg[4] (OUT)
  -------------------------------------------------------------------    -------------------

Slack:                    inf
  Source:                 sw[7]
                            (input port)
  Destination:            seg[6]
                            (output port)
  Path Group:             (none)
  Path Type:              Max at Slow Process Corner
  Data Path Delay:        11.264ns  (logic 5.218ns (46.322%)  route 6.046ns (53.678%))
  Logic Levels:           4  (IBUF=1 LUT4=1 LUT6=1 OBUF=1)

    Location             Delay type                Incr(ns)  Path(ns)    Netlist Resource(s)
  -------------------------------------------------------------------    -------------------
    W13                                               0.000     0.000 r  sw[7] (IN)
                         net (fo=0)                   0.000     0.000    sw[7]
    W13                  IBUF (Prop_ibuf_I_O)         1.459     1.459 r  sw_IBUF[7]_inst/O
                         net (fo=1, routed)           3.731     5.190    sw_IBUF[7]
    SLICE_X65Y24         LUT6 (Prop_lut6_I5_O)        0.124     5.314 r  seg_OBUF[6]_inst_i_2/O
                         net (fo=7, routed)           0.643     5.957    current_hex[3]
    SLICE_X65Y23         LUT4 (Prop_lut4_I0_O)        0.124     6.081 r  seg_OBUF[6]_inst_i_1/O
                         net (fo=1, routed)           1.672     7.753    seg_OBUF[6]
    W7                   OBUF (Prop_obuf_I_O)         3.511    11.264 r  seg_OBUF[6]_inst/O
                         net (fo=0)                   0.000    11.264    seg[6]
    W7                                                                r  seg[6] (OUT)
  -------------------------------------------------------------------    -------------------





Min Delay Paths
--------------------------------------------------------------------------------------
Slack:                    inf
  Source:                 sw[8]
                            (input port)
  Destination:            seg[6]
                            (output port)
  Path Group:             (none)
  Path Type:              Min at Fast Process Corner
  Data Path Delay:        2.704ns  (logic 1.524ns (56.374%)  route 1.180ns (43.626%))
  Logic Levels:           4  (IBUF=1 LUT4=1 LUT6=1 OBUF=1)

    Location             Delay type                Incr(ns)  Path(ns)    Netlist Resource(s)
  -------------------------------------------------------------------    -------------------
    V2                                                0.000     0.000 r  sw[8] (IN)
                         net (fo=0)                   0.000     0.000    sw[8]
    V2                   IBUF (Prop_ibuf_I_O)         0.223     0.223 r  sw_IBUF[8]_inst/O
                         net (fo=1, routed)           0.737     0.960    sw_IBUF[8]
    SLICE_X65Y24         LUT6 (Prop_lut6_I0_O)        0.045     1.005 r  seg_OBUF[6]_inst_i_4/O
                         net (fo=7, routed)           0.115     1.120    current_hex[0]
    SLICE_X65Y23         LUT4 (Prop_lut4_I2_O)        0.045     1.165 r  seg_OBUF[6]_inst_i_1/O
                         net (fo=1, routed)           0.327     1.492    seg_OBUF[6]
    W7                   OBUF (Prop_obuf_I_O)         1.212     2.704 r  seg_OBUF[6]_inst/O
                         net (fo=0)                   0.000     2.704    seg[6]
    W7                                                                r  seg[6] (OUT)
  -------------------------------------------------------------------    -------------------

Slack:                    inf
  Source:                 sw[14]
                            (input port)
  Destination:            seg[4]
                            (output port)
  Path Group:             (none)
  Path Type:              Min at Fast Process Corner
  Data Path Delay:        2.813ns  (logic 1.549ns (55.076%)  route 1.264ns (44.924%))
  Logic Levels:           4  (IBUF=1 LUT4=1 LUT6=1 OBUF=1)

    Location             Delay type                Incr(ns)  Path(ns)    Netlist Resource(s)
  -------------------------------------------------------------------    -------------------
    T1                                                0.000     0.000 r  sw[14] (IN)
                         net (fo=0)                   0.000     0.000    sw[14]
    T1                   IBUF (Prop_ibuf_I_O)         0.223     0.223 r  sw_IBUF[14]_inst/O
                         net (fo=1, routed)           0.666     0.890    sw_IBUF[14]
    SLICE_X65Y24         LUT6 (Prop_lut6_I1_O)        0.045     0.935 r  seg_OBUF[6]_inst_i_3/O
                         net (fo=7, routed)           0.266     1.200    current_hex[2]
    SLICE_X65Y22         LUT4 (Prop_lut4_I3_O)        0.045     1.245 r  seg_OBUF[4]_inst_i_1/O
                         net (fo=1, routed)           0.332     1.577    seg_OBUF[4]
    U8                   OBUF (Prop_obuf_I_O)         1.236     2.813 r  seg_OBUF[4]_inst/O
                         net (fo=0)                   0.000     2.813    seg[4]
    U8                                                                r  seg[4] (OUT)
  -------------------------------------------------------------------    -------------------

Slack:                    inf
  Source:                 sw[14]
                            (input port)
  Destination:            seg[5]
                            (output port)
  Path Group:             (none)
  Path Type:              Min at Fast Process Corner
  Data Path Delay:        2.872ns  (logic 1.608ns (56.002%)  route 1.264ns (43.998%))
  Logic Levels:           4  (IBUF=1 LUT4=1 LUT6=1 OBUF=1)

    Location             Delay type                Incr(ns)  Path(ns)    Netlist Resource(s)
  -------------------------------------------------------------------    -------------------
    T1                                                0.000     0.000 r  sw[14] (IN)
                         net (fo=0)                   0.000     0.000    sw[14]
    T1                   IBUF (Prop_ibuf_I_O)         0.223     0.223 r  sw_IBUF[14]_inst/O
                         net (fo=1, routed)           0.666     0.890    sw_IBUF[14]
    SLICE_X65Y24         LUT6 (Prop_lut6_I1_O)        0.045     0.935 r  seg_OBUF[6]_inst_i_3/O
                         net (fo=7, routed)           0.266     1.200    current_hex[2]
    SLICE_X65Y22         LUT4 (Prop_lut4_I1_O)        0.045     1.245 r  seg_OBUF[5]_inst_i_1/O
                         net (fo=1, routed)           0.331     1.577    seg_OBUF[5]
    W6                   OBUF (Prop_obuf_I_O)         1.295     2.872 r  seg_OBUF[5]_inst/O
                         net (fo=0)                   0.000     2.872    seg[5]
    W6                                                                r  seg[5] (OUT)
  -------------------------------------------------------------------    -------------------

Slack:                    inf
  Source:                 sw[14]
                            (input port)
  Destination:            seg[2]
                            (output port)
  Path Group:             (none)
  Path Type:              Min at Fast Process Corner
  Data Path Delay:        2.877ns  (logic 1.534ns (53.333%)  route 1.342ns (46.667%))
  Logic Levels:           4  (IBUF=1 LUT4=1 LUT6=1 OBUF=1)

    Location             Delay type                Incr(ns)  Path(ns)    Netlist Resource(s)
  -------------------------------------------------------------------    -------------------
    T1                                                0.000     0.000 r  sw[14] (IN)
                         net (fo=0)                   0.000     0.000    sw[14]
    T1                   IBUF (Prop_ibuf_I_O)         0.223     0.223 r  sw_IBUF[14]_inst/O
                         net (fo=1, routed)           0.666     0.890    sw_IBUF[14]
    SLICE_X65Y24         LUT6 (Prop_lut6_I1_O)        0.045     0.935 r  seg_OBUF[6]_inst_i_3/O
                         net (fo=7, routed)           0.271     1.206    current_hex[2]
    SLICE_X65Y22         LUT4 (Prop_lut4_I2_O)        0.045     1.251 r  seg_OBUF[2]_inst_i_1/O
                         net (fo=1, routed)           0.405     1.656    seg_OBUF[2]
    U5                   OBUF (Prop_obuf_I_O)         1.221     2.877 r  seg_OBUF[2]_inst/O
                         net (fo=0)                   0.000     2.877    seg[2]
    U5                                                                r  seg[2] (OUT)
  -------------------------------------------------------------------    -------------------

Slack:                    inf
  Source:                 sw[14]
                            (input port)
  Destination:            seg[1]
                            (output port)
  Path Group:             (none)
  Path Type:              Min at Fast Process Corner
  Data Path Delay:        2.947ns  (logic 1.519ns (51.537%)  route 1.428ns (48.463%))
  Logic Levels:           4  (IBUF=1 LUT4=1 LUT6=1 OBUF=1)

    Location             Delay type                Incr(ns)  Path(ns)    Netlist Resource(s)
  -------------------------------------------------------------------    -------------------
    T1                                                0.000     0.000 r  sw[14] (IN)
                         net (fo=0)                   0.000     0.000    sw[14]
    T1                   IBUF (Prop_ibuf_I_O)         0.223     0.223 r  sw_IBUF[14]_inst/O
                         net (fo=1, routed)           0.666     0.890    sw_IBUF[14]
    SLICE_X65Y24         LUT6 (Prop_lut6_I1_O)        0.045     0.935 r  seg_OBUF[6]_inst_i_3/O
                         net (fo=7, routed)           0.355     1.290    current_hex[2]
    SLICE_X65Y22         LUT4 (Prop_lut4_I1_O)        0.045     1.335 r  seg_OBUF[1]_inst_i_1/O
                         net (fo=1, routed)           0.407     1.742    seg_OBUF[1]
    V5                   OBUF (Prop_obuf_I_O)         1.206     2.947 r  seg_OBUF[1]_inst/O
                         net (fo=0)                   0.000     2.947    seg[1]
    V5                                                                r  seg[1] (OUT)
  -------------------------------------------------------------------    -------------------

Slack:                    inf
  Source:                 sw[14]
                            (input port)
  Destination:            seg[3]
                            (output port)
  Path Group:             (none)
  Path Type:              Min at Fast Process Corner
  Data Path Delay:        2.948ns  (logic 1.617ns (54.835%)  route 1.332ns (45.165%))
  Logic Levels:           4  (IBUF=1 LUT4=1 LUT6=1 OBUF=1)

    Location             Delay type                Incr(ns)  Path(ns)    Netlist Resource(s)
  -------------------------------------------------------------------    -------------------
    T1                                                0.000     0.000 r  sw[14] (IN)
                         net (fo=0)                   0.000     0.000    sw[14]
    T1                   IBUF (Prop_ibuf_I_O)         0.223     0.223 r  sw_IBUF[14]_inst/O
                         net (fo=1, routed)           0.666     0.890    sw_IBUF[14]
    SLICE_X65Y24         LUT6 (Prop_lut6_I1_O)        0.045     0.935 r  seg_OBUF[6]_inst_i_3/O
                         net (fo=7, routed)           0.271     1.206    current_hex[2]
    SLICE_X65Y22         LUT4 (Prop_lut4_I1_O)        0.045     1.251 r  seg_OBUF[3]_inst_i_1/O
                         net (fo=1, routed)           0.394     1.645    seg_OBUF[3]
    V8                   OBUF (Prop_obuf_I_O)         1.303     2.948 r  seg_OBUF[3]_inst/O
                         net (fo=0)                   0.000     2.948    seg[3]
    V8                                                                r  seg[3] (OUT)
  -------------------------------------------------------------------    -------------------

Slack:                    inf
  Source:                 sw[14]
                            (input port)
  Destination:            seg[0]
                            (output port)
  Path Group:             (none)
  Path Type:              Min at Fast Process Corner
  Data Path Delay:        3.073ns  (logic 1.607ns (52.278%)  route 1.467ns (47.722%))
  Logic Levels:           4  (IBUF=1 LUT4=1 LUT6=1 OBUF=1)

    Location             Delay type                Incr(ns)  Path(ns)    Netlist Resource(s)
  -------------------------------------------------------------------    -------------------
    T1                                                0.000     0.000 r  sw[14] (IN)
                         net (fo=0)                   0.000     0.000    sw[14]
    T1                   IBUF (Prop_ibuf_I_O)         0.223     0.223 r  sw_IBUF[14]_inst/O
                         net (fo=1, routed)           0.666     0.890    sw_IBUF[14]
    SLICE_X65Y24         LUT6 (Prop_lut6_I1_O)        0.045     0.935 r  seg_OBUF[6]_inst_i_3/O
                         net (fo=7, routed)           0.355     1.290    current_hex[2]
    SLICE_X65Y22         LUT4 (Prop_lut4_I2_O)        0.044     1.334 r  seg_OBUF[0]_inst_i_1/O
                         net (fo=1, routed)           0.445     1.779    seg_OBUF[0]
    U7                   OBUF (Prop_obuf_I_O)         1.294     3.073 r  seg_OBUF[0]_inst/O
                         net (fo=0)                   0.000     3.073    seg[0]
    U7                                                                r  seg[0] (OUT)
  -------------------------------------------------------------------    -------------------





--------------------------------------------------------------------------------------
Path Group:  (none)
From Clock:  sys_clk_pin
  To Clock:  

Max Delay            11 Endpoints
Min Delay            11 Endpoints
--------------------------------------------------------------------------------------


Max Delay Paths
--------------------------------------------------------------------------------------
Slack:                    inf
  Source:                 refresh_counter_reg[19]/C
                            (rising edge-triggered cell FDRE clocked by sys_clk_pin  {rise@0.000ns fall@5.000ns period=10.000ns})
  Destination:            seg[0]
                            (output port)
  Path Group:             (none)
  Path Type:              Max at Slow Process Corner
  Data Path Delay:        8.143ns  (logic 4.527ns (55.601%)  route 3.615ns (44.399%))
  Logic Levels:           3  (LUT4=1 LUT6=1 OBUF=1)
  Clock Uncertainty:      0.025ns  ((TSJ^2 + TIJ^2)^1/2 + DJ) / 2 + PE
    Total System Jitter     (TSJ):    0.050ns
    Total Input Jitter      (TIJ):    0.000ns
    Discrete Jitter          (DJ):    0.000ns
    Phase Error              (PE):    0.000ns

    Location             Delay type                Incr(ns)  Path(ns)    Netlist Resource(s)
  -------------------------------------------------------------------    -------------------
                         (clock sys_clk_pin rise edge)
                                                      0.000     0.000 r  
    W5                                                0.000     0.000 r  clk (IN)
                         net (fo=0)                   0.000     0.000    clk
    W5                   IBUF (Prop_ibuf_I_O)         1.458     1.458 r  clk_IBUF_inst/O
                         net (fo=1, routed)           1.967     3.425    clk_IBUF
    BUFGCTRL_X0Y0        BUFG (Prop_bufg_I_O)         0.096     3.521 r  clk_IBUF_BUFG_inst/O
                         net (fo=20, routed)          1.618     5.139    clk_IBUF_BUFG
    SLICE_X64Y24         FDRE                                         r  refresh_counter_reg[19]/C
  -------------------------------------------------------------------    -------------------
    SLICE_X64Y24         FDRE (Prop_fdre_C_Q)         0.518     5.657 r  refresh_counter_reg[19]/Q
                         net (fo=9, routed)           0.726     6.383    digit_select[1]
    SLICE_X65Y24         LUT6 (Prop_lut6_I3_O)        0.124     6.507 r  seg_OBUF[6]_inst_i_3/O
                         net (fo=7, routed)           0.966     7.473    current_hex[2]
    SLICE_X65Y22         LUT4 (Prop_lut4_I2_O)        0.152     7.625 r  seg_OBUF[0]_inst_i_1/O
                         net (fo=1, routed)           1.923     9.549    seg_OBUF[0]
    U7                   OBUF (Prop_obuf_I_O)         3.733    13.282 r  seg_OBUF[0]_inst/O
                         net (fo=0)                   0.000    13.282    seg[0]
    U7                                                                r  seg[0] (OUT)
  -------------------------------------------------------------------    -------------------

Slack:                    inf
  Source:                 refresh_counter_reg[19]/C
                            (rising edge-triggered cell FDRE clocked by sys_clk_pin  {rise@0.000ns fall@5.000ns period=10.000ns})
  Destination:            seg[5]
                            (output port)
  Path Group:             (none)
  Path Type:              Max at Slow Process Corner
  Data Path Delay:        7.903ns  (logic 4.528ns (57.297%)  route 3.375ns (42.703%))
  Logic Levels:           3  (LUT4=1 LUT6=1 OBUF=1)
  Clock Uncertainty:      0.025ns  ((TSJ^2 + TIJ^2)^1/2 + DJ) / 2 + PE
    Total System Jitter     (TSJ):    0.050ns
    Total Input Jitter      (TIJ):    0.000ns
    Discrete Jitter          (DJ):    0.000ns
    Phase Error              (PE):    0.000ns

    Location             Delay type                Incr(ns)  Path(ns)    Netlist Resource(s)
  -------------------------------------------------------------------    -------------------
                         (clock sys_clk_pin rise edge)
                                                      0.000     0.000 r  
    W5                                                0.000     0.000 r  clk (IN)
                         net (fo=0)                   0.000     0.000    clk
    W5                   IBUF (Prop_ibuf_I_O)         1.458     1.458 r  clk_IBUF_inst/O
                         net (fo=1, routed)           1.967     3.425    clk_IBUF
    BUFGCTRL_X0Y0        BUFG (Prop_bufg_I_O)         0.096     3.521 r  clk_IBUF_BUFG_inst/O
                         net (fo=20, routed)          1.618     5.139    clk_IBUF_BUFG
    SLICE_X64Y24         FDRE                                         r  refresh_counter_reg[19]/C
  -------------------------------------------------------------------    -------------------
    SLICE_X64Y24         FDRE (Prop_fdre_C_Q)         0.518     5.657 r  refresh_counter_reg[19]/Q
                         net (fo=9, routed)           0.724     6.381    digit_select[1]
    SLICE_X65Y24         LUT6 (Prop_lut6_I3_O)        0.124     6.505 r  seg_OBUF[6]_inst_i_2/O
                         net (fo=7, routed)           0.974     7.480    current_hex[3]
    SLICE_X65Y22         LUT4 (Prop_lut4_I0_O)        0.154     7.634 r  seg_OBUF[5]_inst_i_1/O
                         net (fo=1, routed)           1.676     9.310    seg_OBUF[5]
    W6                   OBUF (Prop_obuf_I_O)         3.732    13.042 r  seg_OBUF[5]_inst/O
                         net (fo=0)                   0.000    13.042    seg[5]
    W6                                                                r  seg[5] (OUT)
  -------------------------------------------------------------------    -------------------

Slack:                    inf
  Source:                 refresh_counter_reg[19]/C
                            (rising edge-triggered cell FDRE clocked by sys_clk_pin  {rise@0.000ns fall@5.000ns period=10.000ns})
  Destination:            seg[3]
                            (output port)
  Path Group:             (none)
  Path Type:              Max at Slow Process Corner
  Data Path Delay:        7.875ns  (logic 4.538ns (57.617%)  route 3.338ns (42.383%))
  Logic Levels:           3  (LUT4=1 LUT6=1 OBUF=1)
  Clock Uncertainty:      0.025ns  ((TSJ^2 + TIJ^2)^1/2 + DJ) / 2 + PE
    Total System Jitter     (TSJ):    0.050ns
    Total Input Jitter      (TIJ):    0.000ns
    Discrete Jitter          (DJ):    0.000ns
    Phase Error              (PE):    0.000ns

    Location             Delay type                Incr(ns)  Path(ns)    Netlist Resource(s)
  -------------------------------------------------------------------    -------------------
                         (clock sys_clk_pin rise edge)
                                                      0.000     0.000 r  
    W5                                                0.000     0.000 r  clk (IN)
                         net (fo=0)                   0.000     0.000    clk
    W5                   IBUF (Prop_ibuf_I_O)         1.458     1.458 r  clk_IBUF_inst/O
                         net (fo=1, routed)           1.967     3.425    clk_IBUF
    BUFGCTRL_X0Y0        BUFG (Prop_bufg_I_O)         0.096     3.521 r  clk_IBUF_BUFG_inst/O
                         net (fo=20, routed)          1.618     5.139    clk_IBUF_BUFG
    SLICE_X64Y24         FDRE                                         r  refresh_counter_reg[19]/C
  -------------------------------------------------------------------    -------------------
    SLICE_X64Y24         FDRE (Prop_fdre_C_Q)         0.518     5.657 r  refresh_counter_reg[19]/Q
                         net (fo=9, routed)           0.724     6.381    digit_select[1]
    SLICE_X65Y24         LUT6 (Prop_lut6_I3_O)        0.124     6.505 r  seg_OBUF[6]_inst_i_2/O
                         net (fo=7, routed)           0.806     7.312    current_hex[3]
    SLICE_X65Y22         LUT4 (Prop_lut4_I0_O)        0.152     7.464 r  seg_OBUF[3]_inst_i_1/O
                         net (fo=1, routed)           1.807     9.271    seg_OBUF[3]
    V8                   OBUF (Prop_obuf_I_O)         3.744    13.015 r  seg_OBUF[3]_inst/O
                         net (fo=0)                   0.000    13.015    seg[3]
    V8                                                                r  seg[3] (OUT)
  -------------------------------------------------------------------    -------------------

Slack:                    inf
  Source:                 refresh_counter_reg[19]/C
                            (rising edge-triggered cell FDRE clocked by sys_clk_pin  {rise@0.000ns fall@5.000ns period=10.000ns})
  Destination:            seg[1]
                            (output port)
  Path Group:             (none)
  Path Type:              Max at Slow Process Corner
  Data Path Delay:        7.814ns  (logic 4.270ns (54.648%)  route 3.544ns (45.352%))
  Logic Levels:           3  (LUT4=1 LUT6=1 OBUF=1)
  Clock Uncertainty:      0.025ns  ((TSJ^2 + TIJ^2)^1/2 + DJ) / 2 + PE
    Total System Jitter     (TSJ):    0.050ns
    Total Input Jitter      (TIJ):    0.000ns
    Discrete Jitter          (DJ):    0.000ns
    Phase Error              (PE):    0.000ns

    Location             Delay type                Incr(ns)  Path(ns)    Netlist Resource(s)
  -------------------------------------------------------------------    -------------------
                         (clock sys_clk_pin rise edge)
                                                      0.000     0.000 r  
    W5                                                0.000     0.000 r  clk (IN)
                         net (fo=0)                   0.000     0.000    clk
    W5                   IBUF (Prop_ibuf_I_O)         1.458     1.458 r  clk_IBUF_inst/O
                         net (fo=1, routed)           1.967     3.425    clk_IBUF
    BUFGCTRL_X0Y0        BUFG (Prop_bufg_I_O)         0.096     3.521 r  clk_IBUF_BUFG_inst/O
                         net (fo=20, routed)          1.618     5.139    clk_IBUF_BUFG
    SLICE_X64Y24         FDRE                                         r  refresh_counter_reg[19]/C
  -------------------------------------------------------------------    -------------------
    SLICE_X64Y24         FDRE (Prop_fdre_C_Q)         0.518     5.657 r  refresh_counter_reg[19]/Q
                         net (fo=9, routed)           0.726     6.383    digit_select[1]
    SLICE_X65Y24         LUT6 (Prop_lut6_I3_O)        0.124     6.507 r  seg_OBUF[6]_inst_i_3/O
                         net (fo=7, routed)           0.966     7.473    current_hex[2]
    SLICE_X65Y22         LUT4 (Prop_lut4_I1_O)        0.124     7.597 r  seg_OBUF[1]_inst_i_1/O
                         net (fo=1, routed)           1.852     9.449    seg_OBUF[1]
    V5                   OBUF (Prop_obuf_I_O)         3.504    12.954 r  seg_OBUF[1]_inst/O
                         net (fo=0)                   0.000    12.954    seg[1]
    V5                                                                r  seg[1] (OUT)
  -------------------------------------------------------------------    -------------------

Slack:                    inf
  Source:                 refresh_counter_reg[19]/C
                            (rising edge-triggered cell FDRE clocked by sys_clk_pin  {rise@0.000ns fall@5.000ns period=10.000ns})
  Destination:            seg[2]
                            (output port)
  Path Group:             (none)
  Path Type:              Max at Slow Process Corner
  Data Path Delay:        7.683ns  (logic 4.286ns (55.788%)  route 3.397ns (44.212%))
  Logic Levels:           3  (LUT4=1 LUT6=1 OBUF=1)
  Clock Uncertainty:      0.025ns  ((TSJ^2 + TIJ^2)^1/2 + DJ) / 2 + PE
    Total System Jitter     (TSJ):    0.050ns
    Total Input Jitter      (TIJ):    0.000ns
    Discrete Jitter          (DJ):    0.000ns
    Phase Error              (PE):    0.000ns

    Location             Delay type                Incr(ns)  Path(ns)    Netlist Resource(s)
  -------------------------------------------------------------------    -------------------
                         (clock sys_clk_pin rise edge)
                                                      0.000     0.000 r  
    W5                                                0.000     0.000 r  clk (IN)
                         net (fo=0)                   0.000     0.000    clk
    W5                   IBUF (Prop_ibuf_I_O)         1.458     1.458 r  clk_IBUF_inst/O
                         net (fo=1, routed)           1.967     3.425    clk_IBUF
    BUFGCTRL_X0Y0        BUFG (Prop_bufg_I_O)         0.096     3.521 r  clk_IBUF_BUFG_inst/O
                         net (fo=20, routed)          1.618     5.139    clk_IBUF_BUFG
    SLICE_X64Y24         FDRE                                         r  refresh_counter_reg[19]/C
  -------------------------------------------------------------------    -------------------
    SLICE_X64Y24         FDRE (Prop_fdre_C_Q)         0.518     5.657 r  refresh_counter_reg[19]/Q
                         net (fo=9, routed)           0.724     6.381    digit_select[1]
    SLICE_X65Y24         LUT6 (Prop_lut6_I3_O)        0.124     6.505 f  seg_OBUF[6]_inst_i_2/O
                         net (fo=7, routed)           0.806     7.312    current_hex[3]
    SLICE_X65Y22         LUT4 (Prop_lut4_I0_O)        0.124     7.436 r  seg_OBUF[2]_inst_i_1/O
                         net (fo=1, routed)           1.866     9.302    seg_OBUF[2]
    U5                   OBUF (Prop_obuf_I_O)         3.520    12.822 r  seg_OBUF[2]_inst/O
                         net (fo=0)                   0.000    12.822    seg[2]
    U5                                                                r  seg[2] (OUT)
  -------------------------------------------------------------------    -------------------

Slack:                    inf
  Source:                 refresh_counter_reg[19]/C
                            (rising edge-triggered cell FDRE clocked by sys_clk_pin  {rise@0.000ns fall@5.000ns period=10.000ns})
  Destination:            seg[4]
                            (output port)
  Path Group:             (none)
  Path Type:              Max at Slow Process Corner
  Data Path Delay:        7.660ns  (logic 4.301ns (56.150%)  route 3.359ns (43.850%))
  Logic Levels:           3  (LUT4=1 LUT6=1 OBUF=1)
  Clock Uncertainty:      0.025ns  ((TSJ^2 + TIJ^2)^1/2 + DJ) / 2 + PE
    Total System Jitter     (TSJ):    0.050ns
    Total Input Jitter      (TIJ):    0.000ns
    Discrete Jitter          (DJ):    0.000ns
    Phase Error              (PE):    0.000ns

    Location             Delay type                Incr(ns)  Path(ns)    Netlist Resource(s)
  -------------------------------------------------------------------    -------------------
                         (clock sys_clk_pin rise edge)
                                                      0.000     0.000 r  
    W5                                                0.000     0.000 r  clk (IN)
                         net (fo=0)                   0.000     0.000    clk
    W5                   IBUF (Prop_ibuf_I_O)         1.458     1.458 r  clk_IBUF_inst/O
                         net (fo=1, routed)           1.967     3.425    clk_IBUF
    BUFGCTRL_X0Y0        BUFG (Prop_bufg_I_O)         0.096     3.521 r  clk_IBUF_BUFG_inst/O
                         net (fo=20, routed)          1.618     5.139    clk_IBUF_BUFG
    SLICE_X64Y24         FDRE                                         r  refresh_counter_reg[19]/C
  -------------------------------------------------------------------    -------------------
    SLICE_X64Y24         FDRE (Prop_fdre_C_Q)         0.518     5.657 r  refresh_counter_reg[19]/Q
                         net (fo=9, routed)           0.724     6.381    digit_select[1]
    SLICE_X65Y24         LUT6 (Prop_lut6_I3_O)        0.124     6.505 r  seg_OBUF[6]_inst_i_2/O
                         net (fo=7, routed)           0.974     7.480    current_hex[3]
    SLICE_X65Y22         LUT4 (Prop_lut4_I0_O)        0.124     7.604 r  seg_OBUF[4]_inst_i_1/O
                         net (fo=1, routed)           1.661     9.264    seg_OBUF[4]
    U8                   OBUF (Prop_obuf_I_O)         3.535    12.799 r  seg_OBUF[4]_inst/O
                         net (fo=0)                   0.000    12.799    seg[4]
    U8                                                                r  seg[4] (OUT)
  -------------------------------------------------------------------    -------------------

Slack:                    inf
  Source:                 refresh_counter_reg[18]/C
                            (rising edge-triggered cell FDRE clocked by sys_clk_pin  {rise@0.000ns fall@5.000ns period=10.000ns})
  Destination:            an[0]
                            (output port)
  Path Group:             (none)
  Path Type:              Max at Slow Process Corner
  Data Path Delay:        7.486ns  (logic 4.375ns (58.439%)  route 3.111ns (41.561%))
  Logic Levels:           2  (LUT2=1 OBUF=1)
  Clock Uncertainty:      0.025ns  ((TSJ^2 + TIJ^2)^1/2 + DJ) / 2 + PE
    Total System Jitter     (TSJ):    0.050ns
    Total Input Jitter      (TIJ):    0.000ns
    Discrete Jitter          (DJ):    0.000ns
    Phase Error              (PE):    0.000ns

    Location             Delay type                Incr(ns)  Path(ns)    Netlist Resource(s)
  -------------------------------------------------------------------    -------------------
                         (clock sys_clk_pin rise edge)
                                                      0.000     0.000 r  
    W5                                                0.000     0.000 r  clk (IN)
                         net (fo=0)                   0.000     0.000    clk
    W5                   IBUF (Prop_ibuf_I_O)         1.458     1.458 r  clk_IBUF_inst/O
                         net (fo=1, routed)           1.967     3.425    clk_IBUF
    BUFGCTRL_X0Y0        BUFG (Prop_bufg_I_O)         0.096     3.521 r  clk_IBUF_BUFG_inst/O
                         net (fo=20, routed)          1.618     5.139    clk_IBUF_BUFG
    SLICE_X64Y24         FDRE                                         r  refresh_counter_reg[18]/C
  -------------------------------------------------------------------    -------------------
    SLICE_X64Y24         FDRE (Prop_fdre_C_Q)         0.518     5.657 f  refresh_counter_reg[18]/Q
                         net (fo=9, routed)           1.246     6.903    digit_select[0]
    SLICE_X65Y25         LUT2 (Prop_lut2_I1_O)        0.152     7.055 r  an_OBUF[0]_inst_i_1/O
                         net (fo=1, routed)           1.865     8.921    an_OBUF[0]
    U2                   OBUF (Prop_obuf_I_O)         3.705    12.625 r  an_OBUF[0]_inst/O
                         net (fo=0)                   0.000    12.625    an[0]
    U2                                                                r  an[0] (OUT)
  -------------------------------------------------------------------    -------------------

Slack:                    inf
  Source:                 refresh_counter_reg[19]/C
                            (rising edge-triggered cell FDRE clocked by sys_clk_pin  {rise@0.000ns fall@5.000ns period=10.000ns})
  Destination:            seg[6]
                            (output port)
  Path Group:             (none)
  Path Type:              Max at Slow Process Corner
  Data Path Delay:        7.316ns  (logic 4.277ns (58.456%)  route 3.039ns (41.544%))
  Logic Levels:           3  (LUT4=1 LUT6=1 OBUF=1)
  Clock Uncertainty:      0.025ns  ((TSJ^2 + TIJ^2)^1/2 + DJ) / 2 + PE
    Total System Jitter     (TSJ):    0.050ns
    Total Input Jitter      (TIJ):    0.000ns
    Discrete Jitter          (DJ):    0.000ns
    Phase Error              (PE):    0.000ns

    Location             Delay type                Incr(ns)  Path(ns)    Netlist Resource(s)
  -------------------------------------------------------------------    -------------------
                         (clock sys_clk_pin rise edge)
                                                      0.000     0.000 r  
    W5                                                0.000     0.000 r  clk (IN)
                         net (fo=0)                   0.000     0.000    clk
    W5                   IBUF (Prop_ibuf_I_O)         1.458     1.458 r  clk_IBUF_inst/O
                         net (fo=1, routed)           1.967     3.425    clk_IBUF
    BUFGCTRL_X0Y0        BUFG (Prop_bufg_I_O)         0.096     3.521 r  clk_IBUF_BUFG_inst/O
                         net (fo=20, routed)          1.618     5.139    clk_IBUF_BUFG
    SLICE_X64Y24         FDRE                                         r  refresh_counter_reg[19]/C
  -------------------------------------------------------------------    -------------------
    SLICE_X64Y24         FDRE (Prop_fdre_C_Q)         0.518     5.657 r  refresh_counter_reg[19]/Q
                         net (fo=9, routed)           0.724     6.381    digit_select[1]
    SLICE_X65Y24         LUT6 (Prop_lut6_I3_O)        0.124     6.505 r  seg_OBUF[6]_inst_i_2/O
                         net (fo=7, routed)           0.643     7.149    current_hex[3]
    SLICE_X65Y23         LUT4 (Prop_lut4_I0_O)        0.124     7.273 r  seg_OBUF[6]_inst_i_1/O
                         net (fo=1, routed)           1.672     8.945    seg_OBUF[6]
    W7                   OBUF (Prop_obuf_I_O)         3.511    12.455 r  seg_OBUF[6]_inst/O
                         net (fo=0)                   0.000    12.455    seg[6]
    W7                                                                r  seg[6] (OUT)
  -------------------------------------------------------------------    -------------------

Slack:                    inf
  Source:                 refresh_counter_reg[18]/C
                            (rising edge-triggered cell FDRE clocked by sys_clk_pin  {rise@0.000ns fall@5.000ns period=10.000ns})
  Destination:            an[3]
                            (output port)
  Path Group:             (none)
  Path Type:              Max at Slow Process Corner
  Data Path Delay:        7.296ns  (logic 4.388ns (60.146%)  route 2.908ns (39.854%))
  Logic Levels:           2  (LUT2=1 OBUF=1)
  Clock Uncertainty:      0.025ns  ((TSJ^2 + TIJ^2)^1/2 + DJ) / 2 + PE
    Total System Jitter     (TSJ):    0.050ns
    Total Input Jitter      (TIJ):    0.000ns
    Discrete Jitter          (DJ):    0.000ns
    Phase Error              (PE):    0.000ns

    Location             Delay type                Incr(ns)  Path(ns)    Netlist Resource(s)
  -------------------------------------------------------------------    -------------------
                         (clock sys_clk_pin rise edge)
                                                      0.000     0.000 r  
    W5                                                0.000     0.000 r  clk (IN)
                         net (fo=0)                   0.000     0.000    clk
    W5                   IBUF (Prop_ibuf_I_O)         1.458     1.458 r  clk_IBUF_inst/O
                         net (fo=1, routed)           1.967     3.425    clk_IBUF
    BUFGCTRL_X0Y0        BUFG (Prop_bufg_I_O)         0.096     3.521 r  clk_IBUF_BUFG_inst/O
                         net (fo=20, routed)          1.618     5.139    clk_IBUF_BUFG
    SLICE_X64Y24         FDRE                                         r  refresh_counter_reg[18]/C
  -------------------------------------------------------------------    -------------------
    SLICE_X64Y24         FDRE (Prop_fdre_C_Q)         0.518     5.657 r  refresh_counter_reg[18]/Q
                         net (fo=9, routed)           1.245     6.902    digit_select[0]
    SLICE_X65Y25         LUT2 (Prop_lut2_I1_O)        0.152     7.054 r  an_OBUF[3]_inst_i_1/O
                         net (fo=1, routed)           1.663     8.717    an_OBUF[3]
    W4                   OBUF (Prop_obuf_I_O)         3.718    12.435 r  an_OBUF[3]_inst/O
                         net (fo=0)                   0.000    12.435    an[3]
    W4                                                                r  an[3] (OUT)
  -------------------------------------------------------------------    -------------------

Slack:                    inf
  Source:                 refresh_counter_reg[18]/C
                            (rising edge-triggered cell FDRE clocked by sys_clk_pin  {rise@0.000ns fall@5.000ns period=10.000ns})
  Destination:            an[1]
                            (output port)
  Path Group:             (none)
  Path Type:              Max at Slow Process Corner
  Data Path Delay:        7.238ns  (logic 4.141ns (57.212%)  route 3.097ns (42.788%))
  Logic Levels:           2  (LUT2=1 OBUF=1)
  Clock Uncertainty:      0.025ns  ((TSJ^2 + TIJ^2)^1/2 + DJ) / 2 + PE
    Total System Jitter     (TSJ):    0.050ns
    Total Input Jitter      (TIJ):    0.000ns
    Discrete Jitter          (DJ):    0.000ns
    Phase Error              (PE):    0.000ns

    Location             Delay type                Incr(ns)  Path(ns)    Netlist Resource(s)
  -------------------------------------------------------------------    -------------------
                         (clock sys_clk_pin rise edge)
                                                      0.000     0.000 r  
    W5                                                0.000     0.000 r  clk (IN)
                         net (fo=0)                   0.000     0.000    clk
    W5                   IBUF (Prop_ibuf_I_O)         1.458     1.458 r  clk_IBUF_inst/O
                         net (fo=1, routed)           1.967     3.425    clk_IBUF
    BUFGCTRL_X0Y0        BUFG (Prop_bufg_I_O)         0.096     3.521 r  clk_IBUF_BUFG_inst/O
                         net (fo=20, routed)          1.618     5.139    clk_IBUF_BUFG
    SLICE_X64Y24         FDRE                                         r  refresh_counter_reg[18]/C
  -------------------------------------------------------------------    -------------------
    SLICE_X64Y24         FDRE (Prop_fdre_C_Q)         0.518     5.657 r  refresh_counter_reg[18]/Q
                         net (fo=9, routed)           1.246     6.903    digit_select[0]
    SLICE_X65Y25         LUT2 (Prop_lut2_I0_O)        0.124     7.027 r  an_OBUF[1]_inst_i_1/O
                         net (fo=1, routed)           1.851     8.878    an_OBUF[1]
    U4                   OBUF (Prop_obuf_I_O)         3.499    12.377 r  an_OBUF[1]_inst/O
                         net (fo=0)                   0.000    12.377    an[1]
    U4                                                                r  an[1] (OUT)
  -------------------------------------------------------------------    -------------------





Min Delay Paths
--------------------------------------------------------------------------------------
Slack:                    inf
  Source:                 refresh_counter_reg[19]/C
                            (rising edge-triggered cell FDRE clocked by sys_clk_pin  {rise@0.000ns fall@5.000ns period=10.000ns})
  Destination:            seg[6]
                            (output port)
  Path Group:             (none)
  Path Type:              Min at Fast Process Corner
  Data Path Delay:        2.049ns  (logic 1.466ns (71.526%)  route 0.584ns (28.474%))
  Logic Levels:           3  (LUT4=1 LUT6=1 OBUF=1)
  Clock Uncertainty:      0.025ns  ((TSJ^2 + TIJ^2)^1/2 + DJ) / 2 + PE
    Total System Jitter     (TSJ):    0.050ns
    Total Input Jitter      (TIJ):    0.000ns
    Discrete Jitter          (DJ):    0.000ns
    Phase Error              (PE):    0.000ns

    Location             Delay type                Incr(ns)  Path(ns)    Netlist Resource(s)
  -------------------------------------------------------------------    -------------------
                         (clock sys_clk_pin rise edge)
                                                      0.000     0.000 r  
    W5                                                0.000     0.000 r  clk (IN)
                         net (fo=0)                   0.000     0.000    clk
    W5                   IBUF (Prop_ibuf_I_O)         0.226     0.226 r  clk_IBUF_inst/O
                         net (fo=1, routed)           0.631     0.858    clk_IBUF
    BUFGCTRL_X0Y0        BUFG (Prop_bufg_I_O)         0.026     0.884 r  clk_IBUF_BUFG_inst/O
                         net (fo=20, routed)          0.582     1.465    clk_IBUF_BUFG
    SLICE_X64Y24         FDRE                                         r  refresh_counter_reg[19]/C
  -------------------------------------------------------------------    -------------------
    SLICE_X64Y24         FDRE (Prop_fdre_C_Q)         0.164     1.629 r  refresh_counter_reg[19]/Q
                         net (fo=9, routed)           0.141     1.770    digit_select[1]
    SLICE_X65Y24         LUT6 (Prop_lut6_I3_O)        0.045     1.815 r  seg_OBUF[6]_inst_i_4/O
                         net (fo=7, routed)           0.115     1.930    current_hex[0]
    SLICE_X65Y23         LUT4 (Prop_lut4_I2_O)        0.045     1.975 r  seg_OBUF[6]_inst_i_1/O
                         net (fo=1, routed)           0.327     2.303    seg_OBUF[6]
    W7                   OBUF (Prop_obuf_I_O)         1.212     3.514 r  seg_OBUF[6]_inst/O
                         net (fo=0)                   0.000     3.514    seg[6]
    W7                                                                r  seg[6] (OUT)
  -------------------------------------------------------------------    -------------------

Slack:                    inf
  Source:                 refresh_counter_reg[19]/C
                            (rising edge-triggered cell FDRE clocked by sys_clk_pin  {rise@0.000ns fall@5.000ns period=10.000ns})
  Destination:            an[2]
                            (output port)
  Path Group:             (none)
  Path Type:              Min at Fast Process Corner
  Data Path Delay:        2.145ns  (logic 1.433ns (66.800%)  route 0.712ns (33.200%))
  Logic Levels:           2  (LUT2=1 OBUF=1)
  Clock Uncertainty:      0.025ns  ((TSJ^2 + TIJ^2)^1/2 + DJ) / 2 + PE
    Total System Jitter     (TSJ):    0.050ns
    Total Input Jitter      (TIJ):    0.000ns
    Discrete Jitter          (DJ):    0.000ns
    Phase Error              (PE):    0.000ns

    Location             Delay type                Incr(ns)  Path(ns)    Netlist Resource(s)
  -------------------------------------------------------------------    -------------------
                         (clock sys_clk_pin rise edge)
                                                      0.000     0.000 r  
    W5                                                0.000     0.000 r  clk (IN)
                         net (fo=0)                   0.000     0.000    clk
    W5                   IBUF (Prop_ibuf_I_O)         0.226     0.226 r  clk_IBUF_inst/O
                         net (fo=1, routed)           0.631     0.858    clk_IBUF
    BUFGCTRL_X0Y0        BUFG (Prop_bufg_I_O)         0.026     0.884 r  clk_IBUF_BUFG_inst/O
                         net (fo=20, routed)          0.582     1.465    clk_IBUF_BUFG
    SLICE_X64Y24         FDRE                                         r  refresh_counter_reg[19]/C
  -------------------------------------------------------------------    -------------------
    SLICE_X64Y24         FDRE (Prop_fdre_C_Q)         0.164     1.629 r  refresh_counter_reg[19]/Q
                         net (fo=9, routed)           0.371     2.001    digit_select[1]
    SLICE_X65Y25         LUT2 (Prop_lut2_I0_O)        0.045     2.046 r  an_OBUF[2]_inst_i_1/O
                         net (fo=1, routed)           0.341     2.386    an_OBUF[2]
    V4                   OBUF (Prop_obuf_I_O)         1.224     3.610 r  an_OBUF[2]_inst/O
                         net (fo=0)                   0.000     3.610    an[2]
    V4                                                                r  an[2] (OUT)
  -------------------------------------------------------------------    -------------------

Slack:                    inf
  Source:                 refresh_counter_reg[19]/C
                            (rising edge-triggered cell FDRE clocked by sys_clk_pin  {rise@0.000ns fall@5.000ns period=10.000ns})
  Destination:            seg[4]
                            (output port)
  Path Group:             (none)
  Path Type:              Min at Fast Process Corner
  Data Path Delay:        2.180ns  (logic 1.490ns (68.361%)  route 0.690ns (31.639%))
  Logic Levels:           3  (LUT4=1 LUT6=1 OBUF=1)
  Clock Uncertainty:      0.025ns  ((TSJ^2 + TIJ^2)^1/2 + DJ) / 2 + PE
    Total System Jitter     (TSJ):    0.050ns
    Total Input Jitter      (TIJ):    0.000ns
    Discrete Jitter          (DJ):    0.000ns
    Phase Error              (PE):    0.000ns

    Location             Delay type                Incr(ns)  Path(ns)    Netlist Resource(s)
  -------------------------------------------------------------------    -------------------
                         (clock sys_clk_pin rise edge)
                                                      0.000     0.000 r  
    W5                                                0.000     0.000 r  clk (IN)
                         net (fo=0)                   0.000     0.000    clk
    W5                   IBUF (Prop_ibuf_I_O)         0.226     0.226 r  clk_IBUF_inst/O
                         net (fo=1, routed)           0.631     0.858    clk_IBUF
    BUFGCTRL_X0Y0        BUFG (Prop_bufg_I_O)         0.026     0.884 r  clk_IBUF_BUFG_inst/O
                         net (fo=20, routed)          0.582     1.465    clk_IBUF_BUFG
    SLICE_X64Y24         FDRE                                         r  refresh_counter_reg[19]/C
  -------------------------------------------------------------------    -------------------
    SLICE_X64Y24         FDRE (Prop_fdre_C_Q)         0.164     1.629 r  refresh_counter_reg[19]/Q
                         net (fo=9, routed)           0.141     1.770    digit_select[1]
    SLICE_X65Y24         LUT6 (Prop_lut6_I3_O)        0.045     1.815 r  seg_OBUF[6]_inst_i_5/O
                         net (fo=7, routed)           0.217     2.032    current_hex[1]
    SLICE_X65Y22         LUT4 (Prop_lut4_I2_O)        0.045     2.077 r  seg_OBUF[4]_inst_i_1/O
                         net (fo=1, routed)           0.332     2.409    seg_OBUF[4]
    U8                   OBUF (Prop_obuf_I_O)         1.236     3.645 r  seg_OBUF[4]_inst/O
                         net (fo=0)                   0.000     3.645    seg[4]
    U8                                                                r  seg[4] (OUT)
  -------------------------------------------------------------------    -------------------

Slack:                    inf
  Source:                 refresh_counter_reg[19]/C
                            (rising edge-triggered cell FDRE clocked by sys_clk_pin  {rise@0.000ns fall@5.000ns period=10.000ns})
  Destination:            an[1]
                            (output port)
  Path Group:             (none)
  Path Type:              Min at Fast Process Corner
  Data Path Delay:        2.188ns  (logic 1.409ns (64.419%)  route 0.778ns (35.581%))
  Logic Levels:           2  (LUT2=1 OBUF=1)
  Clock Uncertainty:      0.025ns  ((TSJ^2 + TIJ^2)^1/2 + DJ) / 2 + PE
    Total System Jitter     (TSJ):    0.050ns
    Total Input Jitter      (TIJ):    0.000ns
    Discrete Jitter          (DJ):    0.000ns
    Phase Error              (PE):    0.000ns

    Location             Delay type                Incr(ns)  Path(ns)    Netlist Resource(s)
  -------------------------------------------------------------------    -------------------
                         (clock sys_clk_pin rise edge)
                                                      0.000     0.000 r  
    W5                                                0.000     0.000 r  clk (IN)
                         net (fo=0)                   0.000     0.000    clk
    W5                   IBUF (Prop_ibuf_I_O)         0.226     0.226 r  clk_IBUF_inst/O
                         net (fo=1, routed)           0.631     0.858    clk_IBUF
    BUFGCTRL_X0Y0        BUFG (Prop_bufg_I_O)         0.026     0.884 r  clk_IBUF_BUFG_inst/O
                         net (fo=20, routed)          0.582     1.465    clk_IBUF_BUFG
    SLICE_X64Y24         FDRE                                         r  refresh_counter_reg[19]/C
  -------------------------------------------------------------------    -------------------
    SLICE_X64Y24         FDRE (Prop_fdre_C_Q)         0.164     1.629 f  refresh_counter_reg[19]/Q
                         net (fo=9, routed)           0.372     2.002    digit_select[1]
    SLICE_X65Y25         LUT2 (Prop_lut2_I1_O)        0.045     2.047 r  an_OBUF[1]_inst_i_1/O
                         net (fo=1, routed)           0.406     2.453    an_OBUF[1]
    U4                   OBUF (Prop_obuf_I_O)         1.200     3.653 r  an_OBUF[1]_inst/O
                         net (fo=0)                   0.000     3.653    an[1]
    U4                                                                r  an[1] (OUT)
  -------------------------------------------------------------------    -------------------

Slack:                    inf
  Source:                 refresh_counter_reg[19]/C
                            (rising edge-triggered cell FDRE clocked by sys_clk_pin  {rise@0.000ns fall@5.000ns period=10.000ns})
  Destination:            an[3]
                            (output port)
  Path Group:             (none)
  Path Type:              Min at Fast Process Corner
  Data Path Delay:        2.189ns  (logic 1.487ns (67.963%)  route 0.701ns (32.037%))
  Logic Levels:           2  (LUT2=1 OBUF=1)
  Clock Uncertainty:      0.025ns  ((TSJ^2 + TIJ^2)^1/2 + DJ) / 2 + PE
    Total System Jitter     (TSJ):    0.050ns
    Total Input Jitter      (TIJ):    0.000ns
    Discrete Jitter          (DJ):    0.000ns
    Phase Error              (PE):    0.000ns

    Location             Delay type                Incr(ns)  Path(ns)    Netlist Resource(s)
  -------------------------------------------------------------------    -------------------
                         (clock sys_clk_pin rise edge)
                                                      0.000     0.000 r  
    W5                                                0.000     0.000 r  clk (IN)
                         net (fo=0)                   0.000     0.000    clk
    W5                   IBUF (Prop_ibuf_I_O)         0.226     0.226 r  clk_IBUF_inst/O
                         net (fo=1, routed)           0.631     0.858    clk_IBUF
    BUFGCTRL_X0Y0        BUFG (Prop_bufg_I_O)         0.026     0.884 r  clk_IBUF_BUFG_inst/O
                         net (fo=20, routed)          0.582     1.465    clk_IBUF_BUFG
    SLICE_X64Y24         FDRE                                         r  refresh_counter_reg[19]/C
  -------------------------------------------------------------------    -------------------
    SLICE_X64Y24         FDRE (Prop_fdre_C_Q)         0.164     1.629 r  refresh_counter_reg[19]/Q
                         net (fo=9, routed)           0.371     2.001    digit_select[1]
    SLICE_X65Y25         LUT2 (Prop_lut2_I0_O)        0.045     2.046 r  an_OBUF[3]_inst_i_1/O
                         net (fo=1, routed)           0.330     2.375    an_OBUF[3]
    W4                   OBUF (Prop_obuf_I_O)         1.278     3.654 r  an_OBUF[3]_inst/O
                         net (fo=0)                   0.000     3.654    an[3]
    W4                                                                r  an[3] (OUT)
  -------------------------------------------------------------------    -------------------

Slack:                    inf
  Source:                 refresh_counter_reg[18]/C
                            (rising edge-triggered cell FDRE clocked by sys_clk_pin  {rise@0.000ns fall@5.000ns period=10.000ns})
  Destination:            seg[5]
                            (output port)
  Path Group:             (none)
  Path Type:              Min at Fast Process Corner
  Data Path Delay:        2.243ns  (logic 1.549ns (69.056%)  route 0.694ns (30.944%))
  Logic Levels:           3  (LUT4=1 LUT6=1 OBUF=1)
  Clock Uncertainty:      0.025ns  ((TSJ^2 + TIJ^2)^1/2 + DJ) / 2 + PE
    Total System Jitter     (TSJ):    0.050ns
    Total Input Jitter      (TIJ):    0.000ns
    Discrete Jitter          (DJ):    0.000ns
    Phase Error              (PE):    0.000ns

    Location             Delay type                Incr(ns)  Path(ns)    Netlist Resource(s)
  -------------------------------------------------------------------    -------------------
                         (clock sys_clk_pin rise edge)
                                                      0.000     0.000 r  
    W5                                                0.000     0.000 r  clk (IN)
                         net (fo=0)                   0.000     0.000    clk
    W5                   IBUF (Prop_ibuf_I_O)         0.226     0.226 r  clk_IBUF_inst/O
                         net (fo=1, routed)           0.631     0.858    clk_IBUF
    BUFGCTRL_X0Y0        BUFG (Prop_bufg_I_O)         0.026     0.884 r  clk_IBUF_BUFG_inst/O
                         net (fo=20, routed)          0.582     1.465    clk_IBUF_BUFG
    SLICE_X64Y24         FDRE                                         r  refresh_counter_reg[18]/C
  -------------------------------------------------------------------    -------------------
    SLICE_X64Y24         FDRE (Prop_fdre_C_Q)         0.164     1.629 r  refresh_counter_reg[18]/Q
                         net (fo=9, routed)           0.097     1.726    digit_select[0]
    SLICE_X65Y24         LUT6 (Prop_lut6_I4_O)        0.045     1.771 r  seg_OBUF[6]_inst_i_3/O
                         net (fo=7, routed)           0.266     2.037    current_hex[2]
    SLICE_X65Y22         LUT4 (Prop_lut4_I1_O)        0.045     2.082 r  seg_OBUF[5]_inst_i_1/O
                         net (fo=1, routed)           0.331     2.413    seg_OBUF[5]
    W6                   OBUF (Prop_obuf_I_O)         1.295     3.708 r  seg_OBUF[5]_inst/O
                         net (fo=0)                   0.000     3.708    seg[5]
    W6                                                                r  seg[5] (OUT)
  -------------------------------------------------------------------    -------------------

Slack:                    inf
  Source:                 refresh_counter_reg[18]/C
                            (rising edge-triggered cell FDRE clocked by sys_clk_pin  {rise@0.000ns fall@5.000ns period=10.000ns})
  Destination:            seg[2]
                            (output port)
  Path Group:             (none)
  Path Type:              Min at Fast Process Corner
  Data Path Delay:        2.248ns  (logic 1.475ns (65.612%)  route 0.773ns (34.388%))
  Logic Levels:           3  (LUT4=1 LUT6=1 OBUF=1)
  Clock Uncertainty:      0.025ns  ((TSJ^2 + TIJ^2)^1/2 + DJ) / 2 + PE
    Total System Jitter     (TSJ):    0.050ns
    Total Input Jitter      (TIJ):    0.000ns
    Discrete Jitter          (DJ):    0.000ns
    Phase Error              (PE):    0.000ns

    Location             Delay type                Incr(ns)  Path(ns)    Netlist Resource(s)
  -------------------------------------------------------------------    -------------------
                         (clock sys_clk_pin rise edge)
                                                      0.000     0.000 r  
    W5                                                0.000     0.000 r  clk (IN)
                         net (fo=0)                   0.000     0.000    clk
    W5                   IBUF (Prop_ibuf_I_O)         0.226     0.226 r  clk_IBUF_inst/O
                         net (fo=1, routed)           0.631     0.858    clk_IBUF
    BUFGCTRL_X0Y0        BUFG (Prop_bufg_I_O)         0.026     0.884 r  clk_IBUF_BUFG_inst/O
                         net (fo=20, routed)          0.582     1.465    clk_IBUF_BUFG
    SLICE_X64Y24         FDRE                                         r  refresh_counter_reg[18]/C
  -------------------------------------------------------------------    -------------------
    SLICE_X64Y24         FDRE (Prop_fdre_C_Q)         0.164     1.629 r  refresh_counter_reg[18]/Q
                         net (fo=9, routed)           0.097     1.726    digit_select[0]
    SLICE_X65Y24         LUT6 (Prop_lut6_I4_O)        0.045     1.771 r  seg_OBUF[6]_inst_i_3/O
                         net (fo=7, routed)           0.271     2.042    current_hex[2]
    SLICE_X65Y22         LUT4 (Prop_lut4_I2_O)        0.045     2.087 r  seg_OBUF[2]_inst_i_1/O
                         net (fo=1, routed)           0.405     2.492    seg_OBUF[2]
    U5                   OBUF (Prop_obuf_I_O)         1.221     3.713 r  seg_OBUF[2]_inst/O
                         net (fo=0)                   0.000     3.713    seg[2]
    U5                                                                r  seg[2] (OUT)
  -------------------------------------------------------------------    -------------------

Slack:                    inf
  Source:                 refresh_counter_reg[18]/C
                            (rising edge-triggered cell FDRE clocked by sys_clk_pin  {rise@0.000ns fall@5.000ns period=10.000ns})
  Destination:            seg[1]
                            (output port)
  Path Group:             (none)
  Path Type:              Min at Fast Process Corner
  Data Path Delay:        2.255ns  (logic 1.460ns (64.730%)  route 0.795ns (35.270%))
  Logic Levels:           3  (LUT4=1 LUT6=1 OBUF=1)
  Clock Uncertainty:      0.025ns  ((TSJ^2 + TIJ^2)^1/2 + DJ) / 2 + PE
    Total System Jitter     (TSJ):    0.050ns
    Total Input Jitter      (TIJ):    0.000ns
    Discrete Jitter          (DJ):    0.000ns
    Phase Error              (PE):    0.000ns

    Location             Delay type                Incr(ns)  Path(ns)    Netlist Resource(s)
  -------------------------------------------------------------------    -------------------
                         (clock sys_clk_pin rise edge)
                                                      0.000     0.000 r  
    W5                                                0.000     0.000 r  clk (IN)
                         net (fo=0)                   0.000     0.000    clk
    W5                   IBUF (Prop_ibuf_I_O)         0.226     0.226 r  clk_IBUF_inst/O
                         net (fo=1, routed)           0.631     0.858    clk_IBUF
    BUFGCTRL_X0Y0        BUFG (Prop_bufg_I_O)         0.026     0.884 r  clk_IBUF_BUFG_inst/O
                         net (fo=20, routed)          0.582     1.465    clk_IBUF_BUFG
    SLICE_X64Y24         FDRE                                         r  refresh_counter_reg[18]/C
  -------------------------------------------------------------------    -------------------
    SLICE_X64Y24         FDRE (Prop_fdre_C_Q)         0.164     1.629 r  refresh_counter_reg[18]/Q
                         net (fo=9, routed)           0.098     1.727    digit_select[0]
    SLICE_X65Y24         LUT6 (Prop_lut6_I4_O)        0.045     1.772 r  seg_OBUF[6]_inst_i_2/O
                         net (fo=7, routed)           0.290     2.062    current_hex[3]
    SLICE_X65Y22         LUT4 (Prop_lut4_I0_O)        0.045     2.107 r  seg_OBUF[1]_inst_i_1/O
                         net (fo=1, routed)           0.407     2.514    seg_OBUF[1]
    V5                   OBUF (Prop_obuf_I_O)         1.206     3.720 r  seg_OBUF[1]_inst/O
                         net (fo=0)                   0.000     3.720    seg[1]
    V5                                                                r  seg[1] (OUT)
  -------------------------------------------------------------------    -------------------

Slack:                    inf
  Source:                 refresh_counter_reg[19]/C
                            (rising edge-triggered cell FDRE clocked by sys_clk_pin  {rise@0.000ns fall@5.000ns period=10.000ns})
  Destination:            an[0]
                            (output port)
  Path Group:             (none)
  Path Type:              Min at Fast Process Corner
  Data Path Delay:        2.267ns  (logic 1.474ns (65.030%)  route 0.793ns (34.970%))
  Logic Levels:           2  (LUT2=1 OBUF=1)
  Clock Uncertainty:      0.025ns  ((TSJ^2 + TIJ^2)^1/2 + DJ) / 2 + PE
    Total System Jitter     (TSJ):    0.050ns
    Total Input Jitter      (TIJ):    0.000ns
    Discrete Jitter          (DJ):    0.000ns
    Phase Error              (PE):    0.000ns

    Location             Delay type                Incr(ns)  Path(ns)    Netlist Resource(s)
  -------------------------------------------------------------------    -------------------
                         (clock sys_clk_pin rise edge)
                                                      0.000     0.000 r  
    W5                                                0.000     0.000 r  clk (IN)
                         net (fo=0)                   0.000     0.000    clk
    W5                   IBUF (Prop_ibuf_I_O)         0.226     0.226 r  clk_IBUF_inst/O
                         net (fo=1, routed)           0.631     0.858    clk_IBUF
    BUFGCTRL_X0Y0        BUFG (Prop_bufg_I_O)         0.026     0.884 r  clk_IBUF_BUFG_inst/O
                         net (fo=20, routed)          0.582     1.465    clk_IBUF_BUFG
    SLICE_X64Y24         FDRE                                         r  refresh_counter_reg[19]/C
  -------------------------------------------------------------------    -------------------
    SLICE_X64Y24         FDRE (Prop_fdre_C_Q)         0.164     1.629 f  refresh_counter_reg[19]/Q
                         net (fo=9, routed)           0.372     2.002    digit_select[1]
    SLICE_X65Y25         LUT2 (Prop_lut2_I0_O)        0.044     2.046 r  an_OBUF[0]_inst_i_1/O
                         net (fo=1, routed)           0.420     2.466    an_OBUF[0]
    U2                   OBUF (Prop_obuf_I_O)         1.266     3.732 r  an_OBUF[0]_inst/O
                         net (fo=0)                   0.000     3.732    an[0]
    U2                                                                r  an[0] (OUT)
  -------------------------------------------------------------------    -------------------

Slack:                    inf
  Source:                 refresh_counter_reg[18]/C
                            (rising edge-triggered cell FDRE clocked by sys_clk_pin  {rise@0.000ns fall@5.000ns period=10.000ns})
  Destination:            seg[3]
                            (output port)
  Path Group:             (none)
  Path Type:              Min at Fast Process Corner
  Data Path Delay:        2.320ns  (logic 1.557ns (67.142%)  route 0.762ns (32.858%))
  Logic Levels:           3  (LUT4=1 LUT6=1 OBUF=1)
  Clock Uncertainty:      0.025ns  ((TSJ^2 + TIJ^2)^1/2 + DJ) / 2 + PE
    Total System Jitter     (TSJ):    0.050ns
    Total Input Jitter      (TIJ):    0.000ns
    Discrete Jitter          (DJ):    0.000ns
    Phase Error              (PE):    0.000ns

    Location             Delay type                Incr(ns)  Path(ns)    Netlist Resource(s)
  -------------------------------------------------------------------    -------------------
                         (clock sys_clk_pin rise edge)
                                                      0.000     0.000 r  
    W5                                                0.000     0.000 r  clk (IN)
                         net (fo=0)                   0.000     0.000    clk
    W5                   IBUF (Prop_ibuf_I_O)         0.226     0.226 r  clk_IBUF_inst/O
                         net (fo=1, routed)           0.631     0.858    clk_IBUF
    BUFGCTRL_X0Y0        BUFG (Prop_bufg_I_O)         0.026     0.884 r  clk_IBUF_BUFG_inst/O
                         net (fo=20, routed)          0.582     1.465    clk_IBUF_BUFG
    SLICE_X64Y24         FDRE                                         r  refresh_counter_reg[18]/C
  -------------------------------------------------------------------    -------------------
    SLICE_X64Y24         FDRE (Prop_fdre_C_Q)         0.164     1.629 r  refresh_counter_reg[18]/Q
                         net (fo=9, routed)           0.097     1.726    digit_select[0]
    SLICE_X65Y24         LUT6 (Prop_lut6_I4_O)        0.045     1.771 r  seg_OBUF[6]_inst_i_3/O
                         net (fo=7, routed)           0.271     2.042    current_hex[2]
    SLICE_X65Y22         LUT4 (Prop_lut4_I1_O)        0.045     2.087 r  seg_OBUF[3]_inst_i_1/O
                         net (fo=1, routed)           0.394     2.481    seg_OBUF[3]
    V8                   OBUF (Prop_obuf_I_O)         1.303     3.785 r  seg_OBUF[3]_inst/O
                         net (fo=0)                   0.000     3.785    seg[3]
    V8                                                                r  seg[3] (OUT)
  -------------------------------------------------------------------    -------------------





